"country","soe","total_arrivals","arrivals_male","arrivals_female","country_longitude","country_latitude","soe_latitude","soe_longitude"
"ABW","Kedah",1,0,1,-69.9667,12.5,5.954218,100.714327
"ABW","Pulau Pinang",1,0,1,-69.9667,12.5,5.419481,100.381885
"AFG","Johor",25,22,3,65,33,1.922581,103.4114
"AFG","Kedah",8,8,0,65,33,5.954218,100.714327
"AFG","Perlis",7,6,1,65,33,6.528438,100.24337
"AFG","Pulau Pinang",6,5,1,65,33,5.419481,100.381885
"AFG","Sarawak",11,10,1,65,33,2.495247,110.536555
"AFG","Selangor",2693,2017,676,65,33,3.421418,101.5183
"AGO","Johor",8,5,3,18.5,-12.5,1.922581,103.4114
"AGO","Kedah",3,2,1,18.5,-12.5,5.954218,100.714327
"AGO","Sabah",1,1,0,18.5,-12.5,5.321874,115.214806
"AGO","Selangor",157,113,44,18.5,-12.5,3.421418,101.5183
"AIA","Selangor",4,3,1,-63.1667,18.25,3.421418,101.5183
"ALB","Johor",457,333,124,20,41,1.922581,103.4114
"ALB","Kedah",37,24,13,20,41,5.954218,100.714327
"ALB","Perak",3,3,0,20,41,4.713235,100.998192
"ALB","Perlis",5,3,2,20,41,6.528438,100.24337
"ALB","Pulau Pinang",77,31,46,20,41,5.419481,100.381885
"ALB","Sabah",9,5,4,20,41,5.321874,115.214806
"ALB","Sarawak",6,6,0,20,41,2.495247,110.536555
"ALB","Selangor",955,563,392,20,41,3.421418,101.5183
"AND","Johor",12,4,8,1.6,42.5,1.922581,103.4114
"AND","Kedah",4,1,3,1.6,42.5,5.954218,100.714327
"AND","Perlis",3,1,2,1.6,42.5,6.528438,100.24337
"AND","Pulau Pinang",13,9,4,1.6,42.5,5.419481,100.381885
"AND","Selangor",162,95,67,1.6,42.5,3.421418,101.5183
"ANT","Selangor",2,0,2,-68.75,12.25,3.421418,101.5183
"ARE","Johor",742,431,311,54,24,1.922581,103.4114
"ARE","Kedah",227,160,67,54,24,5.954218,100.714327
"ARE","Kelantan",4,3,1,54,24,5.060771,102.0594
"ARE","Perak",2,1,1,54,24,4.713235,100.998192
"ARE","Perlis",12,10,2,54,24,6.528438,100.24337
"ARE","Pulau Pinang",85,54,31,54,24,5.419481,100.381885
"ARE","Sabah",8,7,1,54,24,5.321874,115.214806
"ARE","Sarawak",49,49,0,54,24,2.495247,110.536555
"ARE","Selangor",14332,8369,5963,54,24,3.421418,101.5183
"ARG","Johor",2239,1292,947,-64,-34,1.922581,103.4114
"ARG","Kedah",1747,855,892,-64,-34,5.954218,100.714327
"ARG","Kelantan",29,13,16,-64,-34,5.060771,102.0594
"ARG","Melaka",4,3,1,-64,-34,2.306839,102.3566
"ARG","Perak",16,11,5,-64,-34,4.713235,100.998192
"ARG","Perlis",149,79,70,-64,-34,6.528438,100.24337
"ARG","Pulau Pinang",231,121,110,-64,-34,5.419481,100.381885
"ARG","Sabah",77,38,39,-64,-34,5.321874,115.214806
"ARG","Sarawak",73,54,19,-64,-34,2.495247,110.536555
"ARG","Selangor",11481,6146,5335,-64,-34,3.421418,101.5183
"ARG","Terengganu",1,1,0,-64,-34,5.170658,103.049157
"ARG","W.P. Labuan",4,2,2,-64,-34,5.299798,112.414806
"ARM","Johor",173,69,104,45,40,1.922581,103.4114
"ARM","Kedah",53,23,30,45,40,5.954218,100.714327
"ARM","Kelantan",2,2,0,45,40,5.060771,102.0594
"ARM","Perak",2,0,2,45,40,4.713235,100.998192
"ARM","Perlis",1,1,0,45,40,6.528438,100.24337
"ARM","Pulau Pinang",43,18,25,45,40,5.419481,100.381885
"ARM","Sabah",15,7,8,45,40,5.321874,115.214806
"ARM","Sarawak",2,2,0,45,40,2.495247,110.536555
"ARM","Selangor",1867,793,1074,45,40,3.421418,101.5183
"ATA","Selangor",6,3,3,0,-90,3.421418,101.5183
"ATG","Johor",137,93,44,-61.8,17.05,1.922581,103.4114
"ATG","Kedah",13,4,9,-61.8,17.05,5.954218,100.714327
"ATG","Pulau Pinang",8,5,3,-61.8,17.05,5.419481,100.381885
"ATG","Sabah",3,0,3,-61.8,17.05,5.321874,115.214806
"ATG","Sarawak",2,2,0,-61.8,17.05,2.495247,110.536555
"ATG","Selangor",415,269,146,-61.8,17.05,3.421418,101.5183
"AUS","Johor",142179,83308,58871,133,-27,1.922581,103.4114
"AUS","Kedah",17437,9520,7917,133,-27,5.954218,100.714327
"AUS","Kelantan",267,184,83,133,-27,5.060771,102.0594
"AUS","Melaka",74,53,21,133,-27,2.306839,102.3566
"AUS","Negeri Sembilan",26,23,3,133,-27,2.826793,102.249487
"AUS","Pahang",613,330,283,133,-27,4.076981,102.549911
"AUS","Perak",5987,3135,2852,133,-27,4.713235,100.998192
"AUS","Perlis",2214,1409,805,133,-27,6.528438,100.24337
"AUS","Pulau Pinang",52554,28002,24552,133,-27,5.419481,100.381885
"AUS","Sabah",10906,5641,5265,133,-27,5.321874,115.214806
"AUS","Sarawak",16132,9032,7100,133,-27,2.495247,110.536555
"AUS","Selangor",640378,369239,271139,133,-27,3.421418,101.5183
"AUS","Terengganu",19,12,7,133,-27,5.170658,103.049157
"AUS","W.P. Labuan",283,188,95,133,-27,5.299798,112.414806
"AUT","Johor",4986,3319,1667,13.3333,47.3333,1.922581,103.4114
"AUT","Kedah",2315,1244,1071,13.3333,47.3333,5.954218,100.714327
"AUT","Kelantan",101,88,13,13.3333,47.3333,5.060771,102.0594
"AUT","Melaka",9,7,2,13.3333,47.3333,2.306839,102.3566
"AUT","Negeri Sembilan",5,3,2,13.3333,47.3333,2.826793,102.249487
"AUT","Pahang",4,3,1,13.3333,47.3333,4.076981,102.549911
"AUT","Perak",88,60,28,13.3333,47.3333,4.713235,100.998192
"AUT","Perlis",371,225,146,13.3333,47.3333,6.528438,100.24337
"AUT","Pulau Pinang",2108,1474,634,13.3333,47.3333,5.419481,100.381885
"AUT","Sabah",366,215,151,13.3333,47.3333,5.321874,115.214806
"AUT","Sarawak",477,299,178,13.3333,47.3333,2.495247,110.536555
"AUT","Selangor",23017,14218,8799,13.3333,47.3333,3.421418,101.5183
"AUT","Terengganu",2,1,1,13.3333,47.3333,5.170658,103.049157
"AUT","W.P. Labuan",16,12,4,13.3333,47.3333,5.299798,112.414806
"AZE","Johor",204,121,83,47.5,40.5,1.922581,103.4114
"AZE","Kedah",111,61,50,47.5,40.5,5.954218,100.714327
"AZE","Kelantan",3,3,0,47.5,40.5,5.060771,102.0594
"AZE","Melaka",2,1,1,47.5,40.5,2.306839,102.3566
"AZE","Perlis",2,2,0,47.5,40.5,6.528438,100.24337
"AZE","Pulau Pinang",30,18,12,47.5,40.5,5.419481,100.381885
"AZE","Sabah",10,7,3,47.5,40.5,5.321874,115.214806
"AZE","Sarawak",37,15,22,47.5,40.5,2.495247,110.536555
"AZE","Selangor",3515,1911,1604,47.5,40.5,3.421418,101.5183
"AZE","W.P. Labuan",17,16,1,47.5,40.5,5.299798,112.414806
"BDI","Johor",1,1,0,30,-3.5,1.922581,103.4114
"BDI","Pulau Pinang",4,2,2,30,-3.5,5.419481,100.381885
"BDI","Sarawak",3,2,1,30,-3.5,2.495247,110.536555
"BDI","Selangor",149,74,75,30,-3.5,3.421418,101.5183
"BEL","Johor",7074,4449,2625,4,50.8333,1.922581,103.4114
"BEL","Kedah",2473,1319,1154,4,50.8333,5.954218,100.714327
"BEL","Kelantan",71,47,24,4,50.8333,5.060771,102.0594
"BEL","Melaka",12,7,5,4,50.8333,2.306839,102.3566
"BEL","Negeri Sembilan",4,2,2,4,50.8333,2.826793,102.249487
"BEL","Pahang",33,18,15,4,50.8333,4.076981,102.549911
"BEL","Perak",93,53,40,4,50.8333,4.713235,100.998192
"BEL","Perlis",404,252,152,4,50.8333,6.528438,100.24337
"BEL","Pulau Pinang",1819,1221,598,4,50.8333,5.419481,100.381885
"BEL","Sabah",561,325,236,4,50.8333,5.321874,115.214806
"BEL","Sarawak",660,368,292,4,50.8333,2.495247,110.536555
"BEL","Selangor",34347,20781,13566,4,50.8333,3.421418,101.5183
"BEL","Terengganu",1,1,0,4,50.8333,5.170658,103.049157
"BEL","W.P. Labuan",27,17,10,4,50.8333,5.299798,112.414806
"BEN","Johor",28,20,8,2.25,9.5,1.922581,103.4114
"BEN","Kedah",6,2,4,2.25,9.5,5.954218,100.714327
"BEN","Perak",3,2,1,2.25,9.5,4.713235,100.998192
"BEN","Pulau Pinang",3,3,0,2.25,9.5,5.419481,100.381885
"BEN","Sabah",5,5,0,2.25,9.5,5.321874,115.214806
"BEN","Sarawak",4,2,2,2.25,9.5,2.495247,110.536555
"BEN","Selangor",270,194,76,2.25,9.5,3.421418,101.5183
"BFA","Johor",4,3,1,-2,13,1.922581,103.4114
"BFA","Perak",1,0,1,-2,13,4.713235,100.998192
"BFA","Pulau Pinang",6,6,0,-2,13,5.419481,100.381885
"BFA","Selangor",198,172,26,-2,13,3.421418,101.5183
"BGD","Johor",78952,66165,12787,90,24,1.922581,103.4114
"BGD","Kedah",2118,1287,831,90,24,5.954218,100.714327
"BGD","Kelantan",44,43,1,90,24,5.060771,102.0594
"BGD","Melaka",18,18,0,90,24,2.306839,102.3566
"BGD","Negeri Sembilan",3,3,0,90,24,2.826793,102.249487
"BGD","Pahang",11,7,4,90,24,4.076981,102.549911
"BGD","Perak",79,65,14,90,24,4.713235,100.998192
"BGD","Perlis",93,80,13,90,24,6.528438,100.24337
"BGD","Pulau Pinang",8800,8294,506,90,24,5.419481,100.381885
"BGD","Sabah",113,84,29,90,24,5.321874,115.214806
"BGD","Sarawak",1853,1494,359,90,24,2.495247,110.536555
"BGD","Selangor",1073105,1016546,56559,90,24,3.421418,101.5183
"BGD","Terengganu",1,1,0,90,24,5.170658,103.049157
"BGD","W.P. Labuan",212,201,11,90,24,5.299798,112.414806
"BGR","Johor",1331,765,566,25,43,1.922581,103.4114
"BGR","Kedah",464,233,231,25,43,5.954218,100.714327
"BGR","Kelantan",8,5,3,25,43,5.060771,102.0594
"BGR","Pahang",6,6,0,25,43,4.076981,102.549911
"BGR","Perak",19,12,7,25,43,4.713235,100.998192
"BGR","Perlis",25,17,8,25,43,6.528438,100.24337
"BGR","Pulau Pinang",253,160,93,25,43,5.419481,100.381885
"BGR","Sabah",62,32,30,25,43,5.321874,115.214806
"BGR","Sarawak",51,35,16,25,43,2.495247,110.536555
"BGR","Selangor",7334,4064,3270,25,43,3.421418,101.5183
"BGR","W.P. Labuan",3,1,2,25,43,5.299798,112.414806
"BHR","Johor",427,217,210,50.55,26,1.922581,103.4114
"BHR","Kedah",66,38,28,50.55,26,5.954218,100.714327
"BHR","Kelantan",5,4,1,50.55,26,5.060771,102.0594
"BHR","Perlis",15,15,0,50.55,26,6.528438,100.24337
"BHR","Pulau Pinang",70,38,32,50.55,26,5.419481,100.381885
"BHR","Sabah",4,3,1,50.55,26,5.321874,115.214806
"BHR","Sarawak",20,19,1,50.55,26,2.495247,110.536555
"BHR","Selangor",5307,2954,2353,50.55,26,3.421418,101.5183
"BHS","Johor",31,17,14,-76,24.25,1.922581,103.4114
"BHS","Kedah",7,4,3,-76,24.25,5.954218,100.714327
"BHS","Perak",1,0,1,-76,24.25,4.713235,100.998192
"BHS","Perlis",1,1,0,-76,24.25,6.528438,100.24337
"BHS","Pulau Pinang",1,0,1,-76,24.25,5.419481,100.381885
"BHS","Sabah",2,1,1,-76,24.25,5.321874,115.214806
"BHS","Sarawak",1,0,1,-76,24.25,2.495247,110.536555
"BHS","Selangor",196,100,96,-76,24.25,3.421418,101.5183
"BIH","Johor",238,136,102,18,44,1.922581,103.4114
"BIH","Kedah",37,18,19,18,44,5.954218,100.714327
"BIH","Perlis",6,6,0,18,44,6.528438,100.24337
"BIH","Pulau Pinang",39,28,11,18,44,5.419481,100.381885
"BIH","Sabah",11,7,4,18,44,5.321874,115.214806
"BIH","Sarawak",30,30,0,18,44,2.495247,110.536555
"BIH","Selangor",1680,983,697,18,44,3.421418,101.5183
"BLR","Johor",388,167,221,28,53,1.922581,103.4114
"BLR","Kedah",460,205,255,28,53,5.954218,100.714327
"BLR","Kelantan",50,26,24,28,53,5.060771,102.0594
"BLR","Pahang",1,0,1,28,53,4.076981,102.549911
"BLR","Perak",6,2,4,28,53,4.713235,100.998192
"BLR","Perlis",31,16,15,28,53,6.528438,100.24337
"BLR","Pulau Pinang",207,96,111,28,53,5.419481,100.381885
"BLR","Sabah",68,33,35,28,53,5.321874,115.214806
"BLR","Sarawak",71,29,42,28,53,2.495247,110.536555
"BLR","Selangor",9854,4619,5235,28,53,3.421418,101.5183
"BLR","W.P. Labuan",2,1,1,28,53,5.299798,112.414806
"BLZ","Johor",72,35,37,-88.75,17.25,1.922581,103.4114
"BLZ","Pulau Pinang",5,4,1,-88.75,17.25,5.419481,100.381885
"BLZ","Sarawak",5,4,1,-88.75,17.25,2.495247,110.536555
"BLZ","Selangor",195,103,92,-88.75,17.25,3.421418,101.5183
"BMU","Selangor",4,0,4,-64.75,32.3333,3.421418,101.5183
"BOL","Johor",87,46,41,-130,-34,1.922581,103.4114
"BOL","Kedah",10,2,8,-130,-34,5.954218,100.714327
"BOL","Melaka",2,2,0,-130,-34,2.306839,102.3566
"BOL","Perak",3,1,2,-130,-34,4.713235,100.998192
"BOL","Perlis",1,1,0,-130,-34,6.528438,100.24337
"BOL","Pulau Pinang",25,12,13,-130,-34,5.419481,100.381885
"BOL","Sabah",4,3,1,-130,-34,5.321874,115.214806
"BOL","Sarawak",37,19,18,-130,-34,2.495247,110.536555
"BOL","Selangor",881,489,392,-130,-34,3.421418,101.5183
"BRA","Johor",6835,3885,2950,-55,-10,1.922581,103.4114
"BRA","Kedah",1942,933,1009,-55,-10,5.954218,100.714327
"BRA","Kelantan",15,10,5,-55,-10,5.060771,102.0594
"BRA","Melaka",15,11,4,-55,-10,2.306839,102.3566
"BRA","Pahang",13,7,6,-55,-10,4.076981,102.549911
"BRA","Perak",84,51,33,-55,-10,4.713235,100.998192
"BRA","Perlis",200,92,108,-55,-10,6.528438,100.24337
"BRA","Pulau Pinang",680,411,269,-55,-10,5.419481,100.381885
"BRA","Sabah",242,132,110,-55,-10,5.321874,115.214806
"BRA","Sarawak",223,131,92,-55,-10,2.495247,110.536555
"BRA","Selangor",25626,14638,10988,-55,-10,3.421418,101.5183
"BRA","W.P. Labuan",6,4,2,-55,-10,5.299798,112.414806
"BRB","Johor",42,13,29,-59.5333,13.1667,1.922581,103.4114
"BRB","Kedah",3,3,0,-59.5333,13.1667,5.954218,100.714327
"BRB","Perlis",1,0,1,-59.5333,13.1667,6.528438,100.24337
"BRB","Pulau Pinang",6,1,5,-59.5333,13.1667,5.419481,100.381885
"BRB","Selangor",179,90,89,-59.5333,13.1667,3.421418,101.5183
"BRN","Johor",12524,6443,6081,229.3334,9,1.922581,103.4114
"BRN","Kedah",698,365,333,229.3334,9,5.954218,100.714327
"BRN","Kelantan",231,128,103,229.3334,9,5.060771,102.0594
"BRN","Melaka",25,13,12,229.3334,9,2.306839,102.3566
"BRN","Pahang",2,1,1,229.3334,9,4.076981,102.549911
"BRN","Perak",96,52,44,229.3334,9,4.713235,100.998192
"BRN","Perlis",688,347,341,229.3334,9,6.528438,100.24337
"BRN","Pulau Pinang",433,195,238,229.3334,9,5.419481,100.381885
"BRN","Sabah",23984,10733,13251,229.3334,9,5.321874,115.214806
"BRN","Sarawak",2379444,1301664,1077780,229.3334,9,2.495247,110.536555
"BRN","Selangor",137405,68053,69352,229.3334,9,3.421418,101.5183
"BRN","W.P. Labuan",33214,21411,11803,229.3334,9,5.299798,112.414806
"BTN","Johor",201,146,55,90.5,27.5,1.922581,103.4114
"BTN","Kedah",15,14,1,90.5,27.5,5.954218,100.714327
"BTN","Perak",5,3,2,90.5,27.5,4.713235,100.998192
"BTN","Perlis",10,4,6,90.5,27.5,6.528438,100.24337
"BTN","Pulau Pinang",135,76,59,90.5,27.5,5.419481,100.381885
"BTN","Sabah",4,3,1,90.5,27.5,5.321874,115.214806
"BTN","Sarawak",6,6,0,90.5,27.5,2.495247,110.536555
"BTN","Selangor",1354,866,488,90.5,27.5,3.421418,101.5183
"BVT","Selangor",1,0,1,3.4,-54.4333,3.421418,101.5183
"BWA","Johor",43,22,21,24,-22,1.922581,103.4114
"BWA","Kedah",14,9,5,24,-22,5.954218,100.714327
"BWA","Perlis",1,1,0,24,-22,6.528438,100.24337
"BWA","Pulau Pinang",5,3,2,24,-22,5.419481,100.381885
"BWA","Sabah",1,1,0,24,-22,5.321874,115.214806
"BWA","Sarawak",6,6,0,24,-22,2.495247,110.536555
"BWA","Selangor",448,191,257,24,-22,3.421418,101.5183
"CAF","Kedah",1,0,1,21,7,5.954218,100.714327
"CAF","Selangor",12,9,3,21,7,3.421418,101.5183
"CAN","Johor",38743,22053,16690,-95,60,1.922581,103.4114
"CAN","Kedah",5827,3176,2651,-95,60,5.954218,100.714327
"CAN","Kelantan",153,100,53,-95,60,5.060771,102.0594
"CAN","Melaka",19,13,6,-95,60,2.306839,102.3566
"CAN","Negeri Sembilan",14,9,5,-95,60,2.826793,102.249487
"CAN","Pahang",75,47,28,-95,60,4.076981,102.549911
"CAN","Perak",899,497,402,-95,60,4.713235,100.998192
"CAN","Perlis",1263,775,488,-95,60,6.528438,100.24337
"CAN","Pulau Pinang",13036,7170,5866,-95,60,5.419481,100.381885
"CAN","Sabah",3892,2000,1892,-95,60,5.321874,115.214806
"CAN","Sarawak",8595,4727,3868,-95,60,2.495247,110.536555
"CAN","Selangor",119437,69124,50313,-95,60,3.421418,101.5183
"CAN","Terengganu",6,6,0,-95,60,5.170658,103.049157
"CAN","W.P. Labuan",158,106,52,-95,60,5.299798,112.414806
"CCK","Selangor",3,2,1,96.8333,-12.5,3.421418,101.5183
"CHE","Johor",11246,6714,4532,8,47,1.922581,103.4114
"CHE","Kedah",4394,2338,2056,8,47,5.954218,100.714327
"CHE","Kelantan",89,56,33,8,47,5.060771,102.0594
"CHE","Melaka",16,8,8,8,47,2.306839,102.3566
"CHE","Negeri Sembilan",17,9,8,8,47,2.826793,102.249487
"CHE","Pahang",64,38,26,8,47,4.076981,102.549911
"CHE","Perak",196,130,66,8,47,4.713235,100.998192
"CHE","Perlis",812,483,329,8,47,6.528438,100.24337
"CHE","Pulau Pinang",3646,2304,1342,8,47,5.419481,100.381885
"CHE","Sabah",971,521,450,8,47,5.321874,115.214806
"CHE","Sarawak",1021,512,509,8,47,2.495247,110.536555
"CHE","Selangor",37965,22827,15138,8,47,3.421418,101.5183
"CHE","W.P. Labuan",36,27,9,8,47,5.299798,112.414806
"CHL","Johor",950,495,455,-71,-30,1.922581,103.4114
"CHL","Kedah",514,240,274,-71,-30,5.954218,100.714327
"CHL","Kelantan",20,11,9,-71,-30,5.060771,102.0594
"CHL","Melaka",2,1,1,-71,-30,2.306839,102.3566
"CHL","Pahang",5,2,3,-71,-30,4.076981,102.549911
"CHL","Perak",4,2,2,-71,-30,4.713235,100.998192
"CHL","Perlis",124,80,44,-71,-30,6.528438,100.24337
"CHL","Pulau Pinang",191,106,85,-71,-30,5.419481,100.381885
"CHL","Sabah",75,35,40,-71,-30,5.321874,115.214806
"CHL","Sarawak",31,23,8,-71,-30,2.495247,110.536555
"CHL","Selangor",6981,3553,3428,-71,-30,3.421418,101.5183
"CHN","Johor",1220365,525662,694703,105,35,1.922581,103.4114
"CHN","Kedah",38376,16675,21701,105,35,5.954218,100.714327
"CHN","Kelantan",382,216,166,105,35,5.060771,102.0594
"CHN","Melaka",96,72,24,105,35,2.306839,102.3566
"CHN","Negeri Sembilan",15,14,1,105,35,2.826793,102.249487
"CHN","Pahang",804,449,355,105,35,4.076981,102.549911
"CHN","Perak",6712,2923,3789,105,35,4.713235,100.998192
"CHN","Perlis",4814,2479,2335,105,35,6.528438,100.24337
"CHN","Pulau Pinang",188511,96294,92217,105,35,5.419481,100.381885
"CHN","Sabah",205971,91824,114147,105,35,5.321874,115.214806
"CHN","Sarawak",27306,14158,13148,105,35,2.495247,110.536555
"CHN","Selangor",2313583,1176557,1137026,105,35,3.421418,101.5183
"CHN","Terengganu",1,1,0,105,35,5.170658,103.049157
"CHN","W.P. Labuan",1077,879,198,105,35,5.299798,112.414806
"CIV","Johor",29,20,9,-10,16,1.922581,103.4114
"CIV","Kedah",3,1,2,-10,16,5.954218,100.714327
"CIV","Pulau Pinang",5,2,3,-10,16,5.419481,100.381885
"CIV","Sabah",3,0,3,-10,16,5.321874,115.214806
"CIV","Sarawak",3,1,2,-10,16,2.495247,110.536555
"CIV","Selangor",642,458,184,-10,16,3.421418,101.5183
"CMR","Johor",45,42,3,12,6,1.922581,103.4114
"CMR","Kedah",12,6,6,12,6,5.954218,100.714327
"CMR","Pulau Pinang",19,12,7,12,6,5.419481,100.381885
"CMR","Sabah",6,6,0,12,6,5.321874,115.214806
"CMR","Sarawak",6,5,1,12,6,2.495247,110.536555
"CMR","Selangor",756,508,248,12,6,3.421418,101.5183
"COD","Johor",38,36,2,25,0,1.922581,103.4114
"COD","Pulau Pinang",1,1,0,25,0,5.419481,100.381885
"COD","Sabah",2,2,0,25,0,5.321874,115.214806
"COD","Sarawak",3,2,1,25,0,2.495247,110.536555
"COD","Selangor",386,263,123,25,0,3.421418,101.5183
"COG","Johor",1,1,0,15,-1,1.922581,103.4114
"COG","Kedah",1,0,1,15,-1,5.954218,100.714327
"COG","Selangor",94,69,25,15,-1,3.421418,101.5183
"COK","Selangor",1,1,0,-159.7667,-21.2333,3.421418,101.5183
"COL","Johor",772,375,397,-72,4,1.922581,103.4114
"COL","Kedah",94,38,56,-72,4,5.954218,100.714327
"COL","Perak",12,8,4,-72,4,4.713235,100.998192
"COL","Perlis",1,1,0,-72,4,6.528438,100.24337
"COL","Pulau Pinang",121,56,65,-72,4,5.419481,100.381885
"COL","Sabah",41,20,21,-72,4,5.321874,115.214806
"COL","Sarawak",43,28,15,-72,4,2.495247,110.536555
"COL","Selangor",5196,2737,2459,-72,4,3.421418,101.5183
"COL","W.P. Labuan",2,2,0,-72,4,5.299798,112.414806
"COM","Johor",26,9,17,44.25,-12.1667,1.922581,103.4114
"COM","Kedah",6,2,4,44.25,-12.1667,5.954218,100.714327
"COM","Pulau Pinang",1,1,0,44.25,-12.1667,5.419481,100.381885
"COM","Selangor",514,311,203,44.25,-12.1667,3.421418,101.5183
"CPV","Johor",10,4,6,-24,16,1.922581,103.4114
"CPV","Kedah",2,2,0,-24,16,5.954218,100.714327
"CPV","Pulau Pinang",1,0,1,-24,16,5.419481,100.381885
"CPV","Sabah",1,1,0,-24,16,5.321874,115.214806
"CPV","Selangor",70,37,33,-24,16,3.421418,101.5183
"CRI","Johor",343,214,129,-84,10,1.922581,103.4114
"CRI","Kedah",27,12,15,-84,10,5.954218,100.714327
"CRI","Perak",3,1,2,-84,10,4.713235,100.998192
"CRI","Perlis",4,4,0,-84,10,6.528438,100.24337
"CRI","Pulau Pinang",193,123,70,-84,10,5.419481,100.381885
"CRI","Sabah",22,14,8,-84,10,5.321874,115.214806
"CRI","Sarawak",12,10,2,-84,10,2.495247,110.536555
"CRI","Selangor",1665,922,743,-84,10,3.421418,101.5183
"CUB","Johor",165,122,43,-80,21.5,1.922581,103.4114
"CUB","Kedah",8,4,4,-80,21.5,5.954218,100.714327
"CUB","Perlis",1,1,0,-80,21.5,6.528438,100.24337
"CUB","Pulau Pinang",17,11,6,-80,21.5,5.419481,100.381885
"CUB","Sabah",7,3,4,-80,21.5,5.321874,115.214806
"CUB","Sarawak",2,1,1,-80,21.5,2.495247,110.536555
"CUB","Selangor",656,353,303,-80,21.5,3.421418,101.5183
"CYP","Johor",278,176,102,33,35,1.922581,103.4114
"CYP","Kedah",59,33,26,33,35,5.954218,100.714327
"CYP","Perak",2,2,0,33,35,4.713235,100.998192
"CYP","Perlis",3,2,1,33,35,6.528438,100.24337
"CYP","Pulau Pinang",63,40,23,33,35,5.419481,100.381885
"CYP","Sabah",23,12,11,33,35,5.321874,115.214806
"CYP","Sarawak",24,7,17,33,35,2.495247,110.536555
"CYP","Selangor",1893,1223,670,33,35,3.421418,101.5183
"CZE","Johor",3289,1859,1430,15.5,49.75,1.922581,103.4114
"CZE","Kedah",3539,1748,1791,15.5,49.75,5.954218,100.714327
"CZE","Kelantan",51,35,16,15.5,49.75,5.060771,102.0594
"CZE","Melaka",2,2,0,15.5,49.75,2.306839,102.3566
"CZE","Negeri Sembilan",1,1,0,15.5,49.75,2.826793,102.249487
"CZE","Perak",19,10,9,15.5,49.75,4.713235,100.998192
"CZE","Perlis",238,146,92,15.5,49.75,6.528438,100.24337
"CZE","Pulau Pinang",807,445,362,15.5,49.75,5.419481,100.381885
"CZE","Sabah",379,215,164,15.5,49.75,5.321874,115.214806
"CZE","Sarawak",403,237,166,15.5,49.75,2.495247,110.536555
"CZE","Selangor",16766,9740,7026,15.5,49.75,3.421418,101.5183
"CZE","W.P. Labuan",69,34,35,15.5,49.75,5.299798,112.414806
"DEU","Johor",61156,38083,23073,9,51,1.922581,103.4114
"DEU","Kedah",24927,12859,12068,9,51,5.954218,100.714327
"DEU","Kelantan",404,282,122,9,51,5.060771,102.0594
"DEU","Melaka",92,56,36,9,51,2.306839,102.3566
"DEU","Negeri Sembilan",26,15,11,9,51,2.826793,102.249487
"DEU","Pahang",201,127,74,9,51,4.076981,102.549911
"DEU","Perak",823,552,271,9,51,4.713235,100.998192
"DEU","Perlis",3567,2150,1417,9,51,6.528438,100.24337
"DEU","Pulau Pinang",18665,12957,5708,9,51,5.419481,100.381885
"DEU","Sabah",3571,2102,1469,9,51,5.321874,115.214806
"DEU","Sarawak",5876,3503,2373,9,51,2.495247,110.536555
"DEU","Selangor",219859,131983,87876,9,51,3.421418,101.5183
"DEU","Terengganu",2,2,0,9,51,5.170658,103.049157
"DEU","W.P. Labuan",239,156,83,9,51,5.299798,112.414806
"DJI","Johor",8,6,2,43,11.5,1.922581,103.4114
"DJI","Kedah",2,1,1,43,11.5,5.954218,100.714327
"DJI","Selangor",428,242,186,43,11.5,3.421418,101.5183
"DMA","Johor",168,137,31,-61.3333,15.4167,1.922581,103.4114
"DMA","Kedah",16,10,6,-61.3333,15.4167,5.954218,100.714327
"DMA","Perak",1,1,0,-61.3333,15.4167,4.713235,100.998192
"DMA","Pulau Pinang",31,26,5,-61.3333,15.4167,5.419481,100.381885
"DMA","Sabah",9,6,3,-61.3333,15.4167,5.321874,115.214806
"DMA","Sarawak",17,9,8,-61.3333,15.4167,2.495247,110.536555
"DMA","Selangor",1123,864,259,-61.3333,15.4167,3.421418,101.5183
"DMA","W.P. Labuan",1,1,0,-61.3333,15.4167,5.299798,112.414806
"DNK","Johor",7999,5540,2459,10,56,1.922581,103.4114
"DNK","Kedah",4312,2079,2233,10,56,5.954218,100.714327
"DNK","Kelantan",44,33,11,10,56,5.060771,102.0594
"DNK","Melaka",12,9,3,10,56,2.306839,102.3566
"DNK","Negeri Sembilan",7,5,2,10,56,2.826793,102.249487
"DNK","Pahang",61,25,36,10,56,4.076981,102.549911
"DNK","Perak",104,63,41,10,56,4.713235,100.998192
"DNK","Perlis",349,230,119,10,56,6.528438,100.24337
"DNK","Pulau Pinang",1994,1271,723,10,56,5.419481,100.381885
"DNK","Sabah",942,520,422,10,56,5.321874,115.214806
"DNK","Sarawak",540,307,233,10,56,2.495247,110.536555
"DNK","Selangor",31234,18503,12731,10,56,3.421418,101.5183
"DNK","Terengganu",19,4,15,10,56,5.170658,103.049157
"DNK","W.P. Labuan",24,10,14,10,56,5.299798,112.414806
"DOM","Johor",63,22,41,-70.6667,19,1.922581,103.4114
"DOM","Kedah",4,1,3,-70.6667,19,5.954218,100.714327
"DOM","Perak",1,0,1,-70.6667,19,4.713235,100.998192
"DOM","Perlis",3,2,1,-70.6667,19,6.528438,100.24337
"DOM","Pulau Pinang",26,9,17,-70.6667,19,5.419481,100.381885
"DOM","Sabah",10,4,6,-70.6667,19,5.321874,115.214806
"DOM","Sarawak",3,1,2,-70.6667,19,2.495247,110.536555
"DOM","Selangor",602,328,274,-70.6667,19,3.421418,101.5183
"DZA","Johor",927,678,249,3,28,1.922581,103.4114
"DZA","Kedah",158,117,41,3,28,5.954218,100.714327
"DZA","Kelantan",12,12,0,3,28,5.060771,102.0594
"DZA","Melaka",1,1,0,3,28,2.306839,102.3566
"DZA","Perak",3,2,1,3,28,4.713235,100.998192
"DZA","Perlis",31,21,10,3,28,6.528438,100.24337
"DZA","Pulau Pinang",69,49,20,3,28,5.419481,100.381885
"DZA","Sabah",42,28,14,3,28,5.321874,115.214806
"DZA","Sarawak",93,77,16,3,28,2.495247,110.536555
"DZA","Selangor",20994,13068,7926,3,28,3.421418,101.5183
"DZA","W.P. Labuan",2,2,0,3,28,5.299798,112.414806
"ECU","Johor",330,169,161,-77.5,-2,1.922581,103.4114
"ECU","Kedah",37,11,26,-77.5,-2,5.954218,100.714327
"ECU","Perak",2,1,1,-77.5,-2,4.713235,100.998192
"ECU","Perlis",5,1,4,-77.5,-2,6.528438,100.24337
"ECU","Pulau Pinang",51,18,33,-77.5,-2,5.419481,100.381885
"ECU","Sabah",13,6,7,-77.5,-2,5.321874,115.214806
"ECU","Sarawak",20,7,13,-77.5,-2,2.495247,110.536555
"ECU","Selangor",1860,932,928,-77.5,-2,3.421418,101.5183
"EGY","Johor",5765,4686,1079,30,27,1.922581,103.4114
"EGY","Kedah",287,175,112,30,27,5.954218,100.714327
"EGY","Kelantan",41,30,11,30,27,5.060771,102.0594
"EGY","Melaka",8,7,1,30,27,2.306839,102.3566
"EGY","Pahang",2,2,0,30,27,4.076981,102.549911
"EGY","Perak",9,6,3,30,27,4.713235,100.998192
"EGY","Perlis",28,22,6,30,27,6.528438,100.24337
"EGY","Pulau Pinang",328,247,81,30,27,5.419481,100.381885
"EGY","Sabah",121,93,28,30,27,5.321874,115.214806
"EGY","Sarawak",2840,1914,926,30,27,2.495247,110.536555
"EGY","Selangor",51909,34753,17156,30,27,3.421418,101.5183
"EGY","Terengganu",2,2,0,30,27,5.170658,103.049157
"EGY","W.P. Labuan",13,12,1,30,27,5.299798,112.414806
"ERI","Johor",11,5,6,39,15,1.922581,103.4114
"ERI","Pulau Pinang",2,1,1,39,15,5.419481,100.381885
"ERI","Sabah",2,1,1,39,15,5.321874,115.214806
"ERI","Selangor",523,298,225,39,15,3.421418,101.5183
"ESP","Johor",14306,8469,5837,-4,40,1.922581,103.4114
"ESP","Kedah",4698,2372,2326,-4,40,5.954218,100.714327
"ESP","Kelantan",152,92,60,-4,40,5.060771,102.0594
"ESP","Melaka",15,10,5,-4,40,2.306839,102.3566
"ESP","Negeri Sembilan",10,7,3,-4,40,2.826793,102.249487
"ESP","Pahang",23,17,6,-4,40,4.076981,102.549911
"ESP","Perak",156,85,71,-4,40,4.713235,100.998192
"ESP","Perlis",577,350,227,-4,40,6.528438,100.24337
"ESP","Pulau Pinang",3195,1775,1420,-4,40,5.419481,100.381885
"ESP","Sabah",1078,607,471,-4,40,5.321874,115.214806
"ESP","Sarawak",1434,860,574,-4,40,2.495247,110.536555
"ESP","Selangor",79974,44908,35066,-4,40,3.421418,101.5183
"ESP","W.P. Labuan",83,48,35,-4,40,5.299798,112.414806
"EST","Johor",976,521,455,26,59,1.922581,103.4114
"EST","Kedah",1122,551,571,26,59,5.954218,100.714327
"EST","Kelantan",15,6,9,26,59,5.060771,102.0594
"EST","Pahang",1,1,0,26,59,4.076981,102.549911
"EST","Perak",6,4,2,26,59,4.713235,100.998192
"EST","Perlis",55,31,24,26,59,6.528438,100.24337
"EST","Pulau Pinang",246,127,119,26,59,5.419481,100.381885
"EST","Sabah",100,50,50,26,59,5.321874,115.214806
"EST","Sarawak",107,53,54,26,59,2.495247,110.536555
"EST","Selangor",5612,2914,2698,26,59,3.421418,101.5183
"EST","W.P. Labuan",15,4,11,26,59,5.299798,112.414806
"ETH","Johor",76,55,21,38,8,1.922581,103.4114
"ETH","Kedah",1,0,1,38,8,5.954218,100.714327
"ETH","Pulau Pinang",15,9,6,38,8,5.419481,100.381885
"ETH","Sabah",1,0,1,38,8,5.321874,115.214806
"ETH","Sarawak",10,4,6,38,8,2.495247,110.536555
"ETH","Selangor",1098,702,396,38,8,3.421418,101.5183
"FIN","Johor",5462,3246,2216,26,64,1.922581,103.4114
"FIN","Kedah",3262,1539,1723,26,64,5.954218,100.714327
"FIN","Kelantan",29,15,14,26,64,5.060771,102.0594
"FIN","Melaka",5,4,1,26,64,2.306839,102.3566
"FIN","Negeri Sembilan",3,3,0,26,64,2.826793,102.249487
"FIN","Pahang",4,2,2,26,64,4.076981,102.549911
"FIN","Perak",87,52,35,26,64,4.713235,100.998192
"FIN","Perlis",215,154,61,26,64,6.528438,100.24337
"FIN","Pulau Pinang",1412,861,551,26,64,5.419481,100.381885
"FIN","Sabah",394,212,182,26,64,5.321874,115.214806
"FIN","Sarawak",305,159,146,26,64,2.495247,110.536555
"FIN","Selangor",16813,9572,7241,26,64,3.421418,101.5183
"FIN","W.P. Labuan",23,16,7,26,64,5.299798,112.414806
"FJI","Johor",1910,941,969,175,-18,1.922581,103.4114
"FJI","Kedah",38,19,19,175,-18,5.954218,100.714327
"FJI","Kelantan",1,1,0,175,-18,5.060771,102.0594
"FJI","Perak",7,6,1,175,-18,4.713235,100.998192
"FJI","Perlis",11,3,8,175,-18,6.528438,100.24337
"FJI","Pulau Pinang",83,43,40,175,-18,5.419481,100.381885
"FJI","Sabah",21,12,9,175,-18,5.321874,115.214806
"FJI","Sarawak",39,24,15,175,-18,2.495247,110.536555
"FJI","Selangor",3259,1711,1548,175,-18,3.421418,101.5183
"FJI","Terengganu",1,1,0,175,-18,5.170658,103.049157
"FJI","W.P. Labuan",1,1,0,175,-18,5.299798,112.414806
"FRA","Johor",58324,35293,23031,2,46,1.922581,103.4114
"FRA","Kedah",17987,9672,8315,2,46,5.954218,100.714327
"FRA","Kelantan",666,427,239,2,46,5.060771,102.0594
"FRA","Melaka",99,57,42,2,46,2.306839,102.3566
"FRA","Negeri Sembilan",49,25,24,2,46,2.826793,102.249487
"FRA","Pahang",462,249,213,2,46,4.076981,102.549911
"FRA","Perak",786,508,278,2,46,4.713235,100.998192
"FRA","Perlis",2431,1558,873,2,46,6.528438,100.24337
"FRA","Pulau Pinang",11040,6885,4155,2,46,5.419481,100.381885
"FRA","Sabah",3271,1928,1343,2,46,5.321874,115.214806
"FRA","Sarawak",3175,1977,1198,2,46,2.495247,110.536555
"FRA","Selangor",237576,138802,98774,2,46,3.421418,101.5183
"FRA","Terengganu",8,6,2,2,46,5.170658,103.049157
"FRA","W.P. Labuan",102,74,28,2,46,5.299798,112.414806
"FSM","Johor",3,1,2,158.25,6.9167,1.922581,103.4114
"FSM","Pulau Pinang",1,0,1,158.25,6.9167,5.419481,100.381885
"FSM","Selangor",25,14,11,158.25,6.9167,3.421418,101.5183
"GAB","Johor",50,25,25,11.75,-1,1.922581,103.4114
"GAB","Pulau Pinang",1,1,0,11.75,-1,5.419481,100.381885
"GAB","Sabah",1,0,1,11.75,-1,5.321874,115.214806
"GAB","Sarawak",1,0,1,11.75,-1,2.495247,110.536555
"GAB","Selangor",234,146,88,11.75,-1,3.421418,101.5183
"GBR","Johor",130122,83127,46995,-2,54,1.922581,103.4114
"GBR","Kedah",41796,22150,19646,-2,54,5.954218,100.714327
"GBR","Kelantan",497,363,134,-2,54,5.060771,102.0594
"GBR","Melaka",82,53,29,-2,54,2.306839,102.3566
"GBR","Negeri Sembilan",20,18,2,-2,54,2.826793,102.249487
"GBR","Pahang",455,321,134,-2,54,4.076981,102.549911
"GBR","Perak",2700,1582,1118,-2,54,4.713235,100.998192
"GBR","Perlis",4980,3149,1831,-2,54,6.528438,100.24337
"GBR","Pulau Pinang",48778,27907,20871,-2,54,5.419481,100.381885
"GBR","Sabah",13454,7305,6149,-2,54,5.321874,115.214806
"GBR","Sarawak",30460,18784,11676,-2,54,2.495247,110.536555
"GBR","Selangor",505677,304904,200773,-2,54,3.421418,101.5183
"GBR","Terengganu",12,12,0,-2,54,5.170658,103.049157
"GBR","W.P. Labuan",1186,832,354,-2,54,5.299798,112.414806
"GEO","Johor",238,169,69,43.5,42,1.922581,103.4114
"GEO","Kedah",65,35,30,43.5,42,5.954218,100.714327
"GEO","Kelantan",1,1,0,43.5,42,5.060771,102.0594
"GEO","Melaka",1,1,0,43.5,42,2.306839,102.3566
"GEO","Perak",1,0,1,43.5,42,4.713235,100.998192
"GEO","Perlis",16,11,5,43.5,42,6.528438,100.24337
"GEO","Pulau Pinang",38,20,18,43.5,42,5.419481,100.381885
"GEO","Sabah",12,6,6,43.5,42,5.321874,115.214806
"GEO","Sarawak",7,1,6,43.5,42,2.495247,110.536555
"GEO","Selangor",1557,983,574,43.5,42,3.421418,101.5183
"GHA","Johor",219,162,57,-2,8,1.922581,103.4114
"GHA","Kedah",17,11,6,-2,8,5.954218,100.714327
"GHA","Kelantan",2,2,0,-2,8,5.060771,102.0594
"GHA","Perak",1,1,0,-2,8,4.713235,100.998192
"GHA","Perlis",2,1,1,-2,8,6.528438,100.24337
"GHA","Pulau Pinang",78,43,35,-2,8,5.419481,100.381885
"GHA","Sabah",9,5,4,-2,8,5.321874,115.214806
"GHA","Sarawak",15,10,5,-2,8,2.495247,110.536555
"GHA","Selangor",2239,1528,711,-2,8,3.421418,101.5183
"GIB","Johor",1,0,1,-5.3667,36.1833,1.922581,103.4114
"GIB","Sarawak",1,0,1,-5.3667,36.1833,2.495247,110.536555
"GIN","Johor",149,114,35,-10,11,1.922581,103.4114
"GIN","Kedah",13,12,1,-10,11,5.954218,100.714327
"GIN","Kelantan",8,8,0,-10,11,5.060771,102.0594
"GIN","Perlis",9,5,4,-10,11,6.528438,100.24337
"GIN","Pulau Pinang",4,3,1,-10,11,5.419481,100.381885
"GIN","Sabah",3,2,1,-10,11,5.321874,115.214806
"GIN","Sarawak",5,4,1,-10,11,2.495247,110.536555
"GIN","Selangor",1557,1131,426,-10,11,3.421418,101.5183
"GLP","Selangor",1,1,0,-61.5833,16.25,3.421418,101.5183
"GMB","Johor",78,54,24,-16.5667,13.4667,1.922581,103.4114
"GMB","Kedah",1,0,1,-16.5667,13.4667,5.954218,100.714327
"GMB","Kelantan",2,2,0,-16.5667,13.4667,5.060771,102.0594
"GMB","Pulau Pinang",5,4,1,-16.5667,13.4667,5.419481,100.381885
"GMB","Sabah",6,6,0,-16.5667,13.4667,5.321874,115.214806
"GMB","Sarawak",3,3,0,-16.5667,13.4667,2.495247,110.536555
"GMB","Selangor",749,544,205,-16.5667,13.4667,3.421418,101.5183
"GNB","Johor",9,9,0,-15,12,1.922581,103.4114
"GNB","Selangor",17,14,3,-15,12,3.421418,101.5183
"GNQ","Johor",4,4,0,10,2,1.922581,103.4114
"GNQ","Selangor",58,31,27,10,2,3.421418,101.5183
"GRC","Johor",1523,1148,375,22,39,1.922581,103.4114
"GRC","Kedah",425,249,176,22,39,5.954218,100.714327
"GRC","Kelantan",10,7,3,22,39,5.060771,102.0594
"GRC","Melaka",4,3,1,22,39,2.306839,102.3566
"GRC","Negeri Sembilan",5,5,0,22,39,2.826793,102.249487
"GRC","Pahang",11,11,0,22,39,4.076981,102.549911
"GRC","Perak",17,11,6,22,39,4.713235,100.998192
"GRC","Perlis",63,44,19,22,39,6.528438,100.24337
"GRC","Pulau Pinang",249,168,81,22,39,5.419481,100.381885
"GRC","Sabah",91,61,30,22,39,5.321874,115.214806
"GRC","Sarawak",150,85,65,22,39,2.495247,110.536555
"GRC","Selangor",6957,4854,2103,22,39,3.421418,101.5183
"GRC","W.P. Labuan",2,2,0,22,39,5.299798,112.414806
"GRD","Johor",193,114,79,-61.6667,12.1167,1.922581,103.4114
"GRD","Kedah",17,8,9,-61.6667,12.1167,5.954218,100.714327
"GRD","Pulau Pinang",15,12,3,-61.6667,12.1167,5.419481,100.381885
"GRD","Sabah",7,4,3,-61.6667,12.1167,5.321874,115.214806
"GRD","Sarawak",4,3,1,-61.6667,12.1167,2.495247,110.536555
"GRD","Selangor",289,220,69,-61.6667,12.1167,3.421418,101.5183
"GRL","Johor",2,1,1,-40,72,1.922581,103.4114
"GRL","Selangor",2,1,1,-40,72,3.421418,101.5183
"GTM","Johor",80,46,34,-90.25,15.5,1.922581,103.4114
"GTM","Kedah",12,7,5,-90.25,15.5,5.954218,100.714327
"GTM","Pahang",1,0,1,-90.25,15.5,4.076981,102.549911
"GTM","Perak",2,1,1,-90.25,15.5,4.713235,100.998192
"GTM","Pulau Pinang",28,18,10,-90.25,15.5,5.419481,100.381885
"GTM","Sabah",5,2,3,-90.25,15.5,5.321874,115.214806
"GTM","Sarawak",1,0,1,-90.25,15.5,2.495247,110.536555
"GTM","Selangor",697,388,309,-90.25,15.5,3.421418,101.5183
"GTM","W.P. Labuan",1,0,1,-90.25,15.5,5.299798,112.414806
"GUY","Johor",29,18,11,-59,5,1.922581,103.4114
"GUY","Kedah",1,0,1,-59,5,5.954218,100.714327
"GUY","Pulau Pinang",6,1,5,-59,5,5.419481,100.381885
"GUY","Sabah",1,1,0,-59,5,5.321874,115.214806
"GUY","Sarawak",1,0,1,-59,5,2.495247,110.536555
"GUY","Selangor",159,97,62,-59,5,3.421418,101.5183
"HKG","Johor",142,77,65,114.1667,22.25,1.922581,103.4114
"HKG","Kedah",70,32,38,114.1667,22.25,5.954218,100.714327
"HKG","Kelantan",1,1,0,114.1667,22.25,5.060771,102.0594
"HKG","Pahang",46,25,21,114.1667,22.25,4.076981,102.549911
"HKG","Perak",1091,497,594,114.1667,22.25,4.713235,100.998192
"HKG","Perlis",54,35,19,114.1667,22.25,6.528438,100.24337
"HKG","Pulau Pinang",548,298,250,114.1667,22.25,5.419481,100.381885
"HKG","Sabah",20725,9108,11617,114.1667,22.25,5.321874,115.214806
"HKG","Sarawak",434,314,120,114.1667,22.25,2.495247,110.536555
"HKG","Selangor",4526,2370,2156,114.1667,22.25,3.421418,101.5183
"HKG","Terengganu",1,1,0,114.1667,22.25,5.170658,103.049157
"HKG","W.P. Labuan",2,2,0,114.1667,22.25,5.299798,112.414806
"HMD","Johor",1,0,1,72.5167,-53.1,1.922581,103.4114
"HND","Johor",129,78,51,-86.5,15,1.922581,103.4114
"HND","Kedah",12,8,4,-86.5,15,5.954218,100.714327
"HND","Perak",2,1,1,-86.5,15,4.713235,100.998192
"HND","Pulau Pinang",15,7,8,-86.5,15,5.419481,100.381885
"HND","Sabah",6,2,4,-86.5,15,5.321874,115.214806
"HND","Sarawak",3,1,2,-86.5,15,2.495247,110.536555
"HND","Selangor",448,274,174,-86.5,15,3.421418,101.5183
"HRV","Johor",1071,828,243,15.5,45.1667,1.922581,103.4114
"HRV","Kedah",177,93,84,15.5,45.1667,5.954218,100.714327
"HRV","Kelantan",9,9,0,15.5,45.1667,5.060771,102.0594
"HRV","Melaka",1,1,0,15.5,45.1667,2.306839,102.3566
"HRV","Pahang",15,14,1,15.5,45.1667,4.076981,102.549911
"HRV","Perak",4,2,2,15.5,45.1667,4.713235,100.998192
"HRV","Perlis",12,8,4,15.5,45.1667,6.528438,100.24337
"HRV","Pulau Pinang",149,100,49,15.5,45.1667,5.419481,100.381885
"HRV","Sabah",67,51,16,15.5,45.1667,5.321874,115.214806
"HRV","Sarawak",67,55,12,15.5,45.1667,2.495247,110.536555
"HRV","Selangor",5639,3754,1885,15.5,45.1667,3.421418,101.5183
"HTI","Johor",36,27,9,-72.4167,19,1.922581,103.4114
"HTI","Kedah",1,0,1,-72.4167,19,5.954218,100.714327
"HTI","Kelantan",1,1,0,-72.4167,19,5.060771,102.0594
"HTI","Perak",1,1,0,-72.4167,19,4.713235,100.998192
"HTI","Pulau Pinang",1,0,1,-72.4167,19,5.419481,100.381885
"HTI","Sabah",3,3,0,-72.4167,19,5.321874,115.214806
"HTI","Selangor",197,135,62,-72.4167,19,3.421418,101.5183
"HUN","Johor",2604,1640,964,20,47,1.922581,103.4114
"HUN","Kedah",1702,851,851,20,47,5.954218,100.714327
"HUN","Kelantan",18,13,5,20,47,5.060771,102.0594
"HUN","Pahang",4,3,1,20,47,4.076981,102.549911
"HUN","Perak",32,21,11,20,47,4.713235,100.998192
"HUN","Perlis",110,63,47,20,47,6.528438,100.24337
"HUN","Pulau Pinang",789,455,334,20,47,5.419481,100.381885
"HUN","Sabah",303,163,140,20,47,5.321874,115.214806
"HUN","Sarawak",312,168,144,20,47,2.495247,110.536555
"HUN","Selangor",15709,8391,7318,20,47,3.421418,101.5183
"HUN","W.P. Labuan",3,1,2,20,47,5.299798,112.414806
"IDN","Johor",2794139,1383453,1410686,120,-5,1.922581,103.4114
"IDN","Kedah",119579,44820,74759,120,-5,5.954218,100.714327
"IDN","Kelantan",4077,2448,1629,120,-5,5.060771,102.0594
"IDN","Melaka",138482,61928,76554,120,-5,2.306839,102.3566
"IDN","Negeri Sembilan",179961,116728,63233,120,-5,2.826793,102.249487
"IDN","Pahang",553,356,197,120,-5,4.076981,102.549911
"IDN","Perak",5416,1857,3559,120,-5,4.713235,100.998192
"IDN","Perlis",14546,5702,8844,120,-5,6.528438,100.24337
"IDN","Pulau Pinang",919836,361849,557987,120,-5,5.419481,100.381885
"IDN","Sabah",134789,66180,68609,120,-5,5.321874,115.214806
"IDN","Sarawak",1047619,565471,482148,120,-5,2.495247,110.536555
"IDN","Selangor",3117177,1479915,1637262,120,-5,3.421418,101.5183
"IDN","Terengganu",26,25,1,120,-5,5.170658,103.049157
"IDN","W.P. Labuan",1656,963,693,120,-5,5.299798,112.414806
"IND","Johor",660897,442150,218747,77,20,1.922581,103.4114
"IND","Kedah",32095,18129,13966,77,20,5.954218,100.714327
"IND","Kelantan",172,144,28,77,20,5.060771,102.0594
"IND","Melaka",103,88,15,77,20,2.306839,102.3566
"IND","Negeri Sembilan",20,20,0,77,20,2.826793,102.249487
"IND","Pahang",266,209,57,77,20,4.076981,102.549911
"IND","Perak",9482,7285,2197,77,20,4.713235,100.998192
"IND","Perlis",1588,1286,302,77,20,6.528438,100.24337
"IND","Pulau Pinang",35035,23767,11268,77,20,5.419481,100.381885
"IND","Sabah",5292,3581,1711,77,20,5.321874,115.214806
"IND","Sarawak",37916,30113,7803,77,20,2.495247,110.536555
"IND","Selangor",1560590,1078643,481947,77,20,3.421418,101.5183
"IND","Terengganu",8,6,2,77,20,5.170658,103.049157
"IND","W.P. Labuan",1622,1311,311,77,20,5.299798,112.414806
"IOT","Pulau Pinang",3,1,2,71.5,-6,5.419481,100.381885
"IOT","Selangor",7,2,5,71.5,-6,3.421418,101.5183
"IRL","Johor",7686,4950,2736,-8,53,1.922581,103.4114
"IRL","Kedah",2354,1255,1099,-8,53,5.954218,100.714327
"IRL","Kelantan",31,24,7,-8,53,5.060771,102.0594
"IRL","Negeri Sembilan",1,0,1,-8,53,2.826793,102.249487
"IRL","Pahang",18,8,10,-8,53,4.076981,102.549911
"IRL","Perak",207,120,87,-8,53,4.713235,100.998192
"IRL","Perlis",440,282,158,-8,53,6.528438,100.24337
"IRL","Pulau Pinang",3074,1902,1172,-8,53,5.419481,100.381885
"IRL","Sabah",591,324,267,-8,53,5.321874,115.214806
"IRL","Sarawak",913,487,426,-8,53,2.495247,110.536555
"IRL","Selangor",36352,21609,14743,-8,53,3.421418,101.5183
"IRL","Terengganu",2,2,0,-8,53,5.170658,103.049157
"IRL","W.P. Labuan",31,19,12,-8,53,5.299798,112.414806
"IRN","Johor",6635,3598,3037,53,32,1.922581,103.4114
"IRN","Kedah",307,165,142,53,32,5.954218,100.714327
"IRN","Kelantan",7,5,2,53,32,5.060771,102.0594
"IRN","Melaka",1,1,0,53,32,2.306839,102.3566
"IRN","Perak",6,5,1,53,32,4.713235,100.998192
"IRN","Perlis",111,80,31,53,32,6.528438,100.24337
"IRN","Pulau Pinang",256,140,116,53,32,5.419481,100.381885
"IRN","Sabah",65,37,28,53,32,5.321874,115.214806
"IRN","Sarawak",129,83,46,53,32,2.495247,110.536555
"IRN","Selangor",53547,28736,24811,53,32,3.421418,101.5183
"IRN","W.P. Labuan",1,1,0,53,32,5.299798,112.414806
"IRQ","Johor",900,641,259,44,33,1.922581,103.4114
"IRQ","Kedah",72,42,30,44,33,5.954218,100.714327
"IRQ","Kelantan",3,2,1,44,33,5.060771,102.0594
"IRQ","Melaka",4,3,1,44,33,2.306839,102.3566
"IRQ","Pahang",1,1,0,44,33,4.076981,102.549911
"IRQ","Perak",1,0,1,44,33,4.713235,100.998192
"IRQ","Perlis",6,6,0,44,33,6.528438,100.24337
"IRQ","Pulau Pinang",93,70,23,44,33,5.419481,100.381885
"IRQ","Sabah",11,9,2,44,33,5.321874,115.214806
"IRQ","Sarawak",50,27,23,44,33,2.495247,110.536555
"IRQ","Selangor",33085,22153,10932,44,33,3.421418,101.5183
"ISL","Johor",190,106,84,-18,65,1.922581,103.4114
"ISL","Kedah",61,34,27,-18,65,5.954218,100.714327
"ISL","Kelantan",1,0,1,-18,65,5.060771,102.0594
"ISL","Negeri Sembilan",1,0,1,-18,65,2.826793,102.249487
"ISL","Perak",25,13,12,-18,65,4.713235,100.998192
"ISL","Perlis",12,6,6,-18,65,6.528438,100.24337
"ISL","Pulau Pinang",59,32,27,-18,65,5.419481,100.381885
"ISL","Sabah",57,34,23,-18,65,5.321874,115.214806
"ISL","Sarawak",27,16,11,-18,65,2.495247,110.536555
"ISL","Selangor",999,541,458,-18,65,3.421418,101.5183
"ISL","W.P. Labuan",5,3,2,-18,65,5.299798,112.414806
"ISR","Pulau Pinang",9,6,3,34.75,31.5,5.419481,100.381885
"ISR","Selangor",7,7,0,34.75,31.5,3.421418,101.5183
"ITA","Johor",17581,11678,5903,12.8333,42.8333,1.922581,103.4114
"ITA","Kedah",8374,4596,3778,12.8333,42.8333,5.954218,100.714327
"ITA","Kelantan",129,101,28,12.8333,42.8333,5.060771,102.0594
"ITA","Melaka",19,13,6,12.8333,42.8333,2.306839,102.3566
"ITA","Negeri Sembilan",10,9,1,12.8333,42.8333,2.826793,102.249487
"ITA","Pahang",33,26,7,12.8333,42.8333,4.076981,102.549911
"ITA","Perak",204,132,72,12.8333,42.8333,4.713235,100.998192
"ITA","Perlis",738,515,223,12.8333,42.8333,6.528438,100.24337
"ITA","Pulau Pinang",3366,2390,976,12.8333,42.8333,5.419481,100.381885
"ITA","Sabah",1093,661,432,12.8333,42.8333,5.321874,115.214806
"ITA","Sarawak",1835,1113,722,12.8333,42.8333,2.495247,110.536555
"ITA","Selangor",90431,57389,33042,12.8333,42.8333,3.421418,101.5183
"ITA","Terengganu",2,1,1,12.8333,42.8333,5.170658,103.049157
"ITA","W.P. Labuan",56,38,18,12.8333,42.8333,5.299798,112.414806
"JAM","Johor",98,29,69,-77.5,18.25,1.922581,103.4114
"JAM","Kedah",20,6,14,-77.5,18.25,5.954218,100.714327
"JAM","Perak",1,0,1,-77.5,18.25,4.713235,100.998192
"JAM","Pulau Pinang",37,18,19,-77.5,18.25,5.419481,100.381885
"JAM","Sabah",9,5,4,-77.5,18.25,5.321874,115.214806
"JAM","Sarawak",9,6,3,-77.5,18.25,2.495247,110.536555
"JAM","Selangor",540,233,307,-77.5,18.25,3.421418,101.5183
"JAM","W.P. Labuan",3,1,2,-77.5,18.25,5.299798,112.414806
"JOR","Johor",522,306,216,36,31,1.922581,103.4114
"JOR","Kedah",238,141,97,36,31,5.954218,100.714327
"JOR","Kelantan",6,5,1,36,31,5.060771,102.0594
"JOR","Melaka",1,1,0,36,31,2.306839,102.3566
"JOR","Pahang",7,6,1,36,31,4.076981,102.549911
"JOR","Perak",2,1,1,36,31,4.713235,100.998192
"JOR","Perlis",23,20,3,36,31,6.528438,100.24337
"JOR","Pulau Pinang",258,157,101,36,31,5.419481,100.381885
"JOR","Sabah",33,27,6,36,31,5.321874,115.214806
"JOR","Sarawak",33,27,6,36,31,2.495247,110.536555
"JOR","Selangor",23433,14445,8988,36,31,3.421418,101.5183
"JOR","W.P. Labuan",1,1,0,36,31,5.299798,112.414806
"JPN","Johor",165359,110705,54654,138,36,1.922581,103.4114
"JPN","Kedah",8701,4487,4214,138,36,5.954218,100.714327
"JPN","Kelantan",259,200,59,138,36,5.060771,102.0594
"JPN","Melaka",36,33,3,138,36,2.306839,102.3566
"JPN","Negeri Sembilan",15,11,4,138,36,2.826793,102.249487
"JPN","Pahang",248,164,84,138,36,4.076981,102.549911
"JPN","Perak",1520,983,537,138,36,4.713235,100.998192
"JPN","Perlis",2093,1607,486,138,36,6.528438,100.24337
"JPN","Pulau Pinang",36625,24985,11640,138,36,5.419481,100.381885
"JPN","Sabah",10341,5277,5064,138,36,5.321874,115.214806
"JPN","Sarawak",5241,3304,1937,138,36,2.495247,110.536555
"JPN","Selangor",508941,314104,194837,138,36,3.421418,101.5183
"JPN","Terengganu",3,3,0,138,36,5.170658,103.049157
"JPN","W.P. Labuan",340,218,122,138,36,5.299798,112.414806
"KAZ","Johor",1362,594,768,68,48,1.922581,103.4114
"KAZ","Kedah",1029,457,572,68,48,5.954218,100.714327
"KAZ","Kelantan",54,18,36,68,48,5.060771,102.0594
"KAZ","Melaka",1,1,0,68,48,2.306839,102.3566
"KAZ","Perak",3,2,1,68,48,4.713235,100.998192
"KAZ","Perlis",149,68,81,68,48,6.528438,100.24337
"KAZ","Pulau Pinang",226,107,119,68,48,5.419481,100.381885
"KAZ","Sabah",97,44,53,68,48,5.321874,115.214806
"KAZ","Sarawak",151,47,104,68,48,2.495247,110.536555
"KAZ","Selangor",36197,14856,21341,68,48,3.421418,101.5183
"KAZ","W.P. Labuan",7,3,4,68,48,5.299798,112.414806
"KEN","Johor",1912,850,1062,38,1,1.922581,103.4114
"KEN","Kedah",111,54,57,38,1,5.954218,100.714327
"KEN","Kelantan",2,0,2,38,1,5.060771,102.0594
"KEN","Melaka",1,0,1,38,1,2.306839,102.3566
"KEN","Perak",2,1,1,38,1,4.713235,100.998192
"KEN","Perlis",14,6,8,38,1,6.528438,100.24337
"KEN","Pulau Pinang",150,64,86,38,1,5.419481,100.381885
"KEN","Sabah",35,19,16,38,1,5.321874,115.214806
"KEN","Sarawak",48,29,19,38,1,2.495247,110.536555
"KEN","Selangor",11283,5792,5491,38,1,3.421418,101.5183
"KGZ","Johor",722,454,268,75,41,1.922581,103.4114
"KGZ","Kedah",165,93,72,75,41,5.954218,100.714327
"KGZ","Kelantan",12,9,3,75,41,5.060771,102.0594
"KGZ","Perak",1,1,0,75,41,4.713235,100.998192
"KGZ","Perlis",11,1,10,75,41,6.528438,100.24337
"KGZ","Pulau Pinang",83,34,49,75,41,5.419481,100.381885
"KGZ","Sabah",25,15,10,75,41,5.321874,115.214806
"KGZ","Sarawak",5,3,2,75,41,2.495247,110.536555
"KGZ","Selangor",7950,3878,4072,75,41,3.421418,101.5183
"KHM","Johor",55235,23459,31776,105,13,1.922581,103.4114
"KHM","Kedah",6434,4422,2012,105,13,5.954218,100.714327
"KHM","Kelantan",17455,11739,5716,105,13,5.060771,102.0594
"KHM","Melaka",24,10,14,105,13,2.306839,102.3566
"KHM","Negeri Sembilan",2,2,0,105,13,2.826793,102.249487
"KHM","Pahang",1,0,1,105,13,4.076981,102.549911
"KHM","Perak",305,164,141,105,13,4.713235,100.998192
"KHM","Perlis",20307,13104,7203,105,13,6.528438,100.24337
"KHM","Pulau Pinang",1008,464,544,105,13,5.419481,100.381885
"KHM","Sabah",48,21,27,105,13,5.321874,115.214806
"KHM","Sarawak",251,100,151,105,13,2.495247,110.536555
"KHM","Selangor",109079,52719,56360,105,13,3.421418,101.5183
"KHM","W.P. Labuan",5,2,3,105,13,5.299798,112.414806
"KIR","Johor",30,24,6,173,1.4167,1.922581,103.4114
"KIR","Sabah",1,0,1,173,1.4167,5.321874,115.214806
"KIR","Selangor",85,74,11,173,1.4167,3.421418,101.5183
"KNA","Johor",605,423,182,-62.75,17.3333,1.922581,103.4114
"KNA","Kedah",46,26,20,-62.75,17.3333,5.954218,100.714327
"KNA","Perak",1,0,1,-62.75,17.3333,4.713235,100.998192
"KNA","Perlis",1,1,0,-62.75,17.3333,6.528438,100.24337
"KNA","Pulau Pinang",60,49,11,-62.75,17.3333,5.419481,100.381885
"KNA","Sabah",23,11,12,-62.75,17.3333,5.321874,115.214806
"KNA","Sarawak",1,1,0,-62.75,17.3333,2.495247,110.536555
"KNA","Selangor",1592,1183,409,-62.75,17.3333,3.421418,101.5183
"KNA","W.P. Labuan",1,1,0,-62.75,17.3333,5.299798,112.414806
"KOR","Johor",307779,164111,143668,255,74,1.922581,103.4114
"KOR","Kedah",6718,3323,3395,255,74,5.954218,100.714327
"KOR","Kelantan",76,45,31,255,74,5.060771,102.0594
"KOR","Melaka",90,58,32,255,74,2.306839,102.3566
"KOR","Negeri Sembilan",28,14,14,255,74,2.826793,102.249487
"KOR","Pahang",86,36,50,255,74,4.076981,102.549911
"KOR","Perak",580,301,279,255,74,4.713235,100.998192
"KOR","Perlis",1962,1351,611,255,74,6.528438,100.24337
"KOR","Pulau Pinang",15192,8353,6839,255,74,5.419481,100.381885
"KOR","Sabah",322805,135832,186973,255,74,5.321874,115.214806
"KOR","Sarawak",6713,3975,2738,255,74,2.495247,110.536555
"KOR","Selangor",395189,216689,178500,255,74,3.421418,101.5183
"KOR","Terengganu",1,1,0,255,74,5.170658,103.049157
"KOR","W.P. Labuan",215,148,67,255,74,5.299798,112.414806
"KWT","Johor",1422,718,704,47.6581,29.3375,1.922581,103.4114
"KWT","Kedah",283,137,146,47.6581,29.3375,5.954218,100.714327
"KWT","Kelantan",9,5,4,47.6581,29.3375,5.060771,102.0594
"KWT","Perak",2,1,1,47.6581,29.3375,4.713235,100.998192
"KWT","Perlis",10,7,3,47.6581,29.3375,6.528438,100.24337
"KWT","Pulau Pinang",227,119,108,47.6581,29.3375,5.419481,100.381885
"KWT","Sabah",6,3,3,47.6581,29.3375,5.321874,115.214806
"KWT","Sarawak",26,17,9,47.6581,29.3375,2.495247,110.536555
"KWT","Selangor",20775,11245,9530,47.6581,29.3375,3.421418,101.5183
"KWT","W.P. Labuan",2,2,0,47.6581,29.3375,5.299798,112.414806
"LAO","Johor",4290,1243,3047,105,18,1.922581,103.4114
"LAO","Kedah",23983,2190,21793,105,18,5.954218,100.714327
"LAO","Kelantan",6839,3419,3420,105,18,5.060771,102.0594
"LAO","Melaka",1,0,1,105,18,2.306839,102.3566
"LAO","Perak",654,79,575,105,18,4.713235,100.998192
"LAO","Perlis",9324,2437,6887,105,18,6.528438,100.24337
"LAO","Pulau Pinang",589,195,394,105,18,5.419481,100.381885
"LAO","Sabah",46,13,33,105,18,5.321874,115.214806
"LAO","Sarawak",295,151,144,105,18,2.495247,110.536555
"LAO","Selangor",9079,4013,5066,105,18,3.421418,101.5183
"LAO","W.P. Labuan",1,0,1,105,18,5.299798,112.414806
"LBN","Johor",503,320,183,35.8333,33.8333,1.922581,103.4114
"LBN","Kedah",110,58,52,35.8333,33.8333,5.954218,100.714327
"LBN","Kelantan",1,1,0,35.8333,33.8333,5.060771,102.0594
"LBN","Pahang",1,0,1,35.8333,33.8333,4.076981,102.549911
"LBN","Perak",2,2,0,35.8333,33.8333,4.713235,100.998192
"LBN","Perlis",1,1,0,35.8333,33.8333,6.528438,100.24337
"LBN","Pulau Pinang",112,70,42,35.8333,33.8333,5.419481,100.381885
"LBN","Sabah",28,23,5,35.8333,33.8333,5.321874,115.214806
"LBN","Sarawak",68,64,4,35.8333,33.8333,2.495247,110.536555
"LBN","Selangor",7314,4676,2638,35.8333,33.8333,3.421418,101.5183
"LBN","W.P. Labuan",1,1,0,35.8333,33.8333,5.299798,112.414806
"LBR","Johor",42,38,4,-9.5,6.5,1.922581,103.4114
"LBR","Kedah",2,2,0,-9.5,6.5,5.954218,100.714327
"LBR","Sabah",1,1,0,-9.5,6.5,5.321874,115.214806
"LBR","Sarawak",4,4,0,-9.5,6.5,2.495247,110.536555
"LBR","Selangor",239,190,49,-9.5,6.5,3.421418,101.5183
"LBY","Johor",112,83,29,34,50,1.922581,103.4114
"LBY","Kedah",19,18,1,34,50,5.954218,100.714327
"LBY","Perlis",6,6,0,34,50,6.528438,100.24337
"LBY","Pulau Pinang",36,26,10,34,50,5.419481,100.381885
"LBY","Sabah",14,12,2,34,50,5.321874,115.214806
"LBY","Sarawak",55,32,23,34,50,2.495247,110.536555
"LBY","Selangor",11282,7987,3295,34,50,3.421418,101.5183
"LCA","Johor",161,130,31,-61.1333,13.8833,1.922581,103.4114
"LCA","Kedah",3,1,2,-61.1333,13.8833,5.954218,100.714327
"LCA","Pulau Pinang",25,18,7,-61.1333,13.8833,5.419481,100.381885
"LCA","Sarawak",26,15,11,-61.1333,13.8833,2.495247,110.536555
"LCA","Selangor",263,194,69,-61.1333,13.8833,3.421418,101.5183
"LIE","Johor",37,27,10,9.5333,47.1667,1.922581,103.4114
"LIE","Kedah",23,8,15,9.5333,47.1667,5.954218,100.714327
"LIE","Perak",1,1,0,9.5333,47.1667,4.713235,100.998192
"LIE","Perlis",2,2,0,9.5333,47.1667,6.528438,100.24337
"LIE","Pulau Pinang",26,22,4,9.5333,47.1667,5.419481,100.381885
"LIE","Sabah",3,1,2,9.5333,47.1667,5.321874,115.214806
"LIE","Sarawak",2,2,0,9.5333,47.1667,2.495247,110.536555
"LIE","Selangor",147,93,54,9.5333,47.1667,3.421418,101.5183
"LKA","Johor",27422,17923,9499,81,7,1.922581,103.4114
"LKA","Kedah",993,567,426,81,7,5.954218,100.714327
"LKA","Kelantan",11,9,2,81,7,5.060771,102.0594
"LKA","Melaka",6,6,0,81,7,2.306839,102.3566
"LKA","Pahang",6,5,1,81,7,4.076981,102.549911
"LKA","Perak",113,69,44,81,7,4.713235,100.998192
"LKA","Perlis",49,36,13,81,7,6.528438,100.24337
"LKA","Pulau Pinang",1031,665,366,81,7,5.419481,100.381885
"LKA","Sabah",201,127,74,81,7,5.321874,115.214806
"LKA","Sarawak",667,464,203,81,7,2.495247,110.536555
"LKA","Selangor",108184,68605,39579,81,7,3.421418,101.5183
"LKA","W.P. Labuan",23,20,3,81,7,5.299798,112.414806
"LSO","Johor",9,5,4,28.5,-29.5,1.922581,103.4114
"LSO","Kedah",2,0,2,28.5,-29.5,5.954218,100.714327
"LSO","Pulau Pinang",1,0,1,28.5,-29.5,5.419481,100.381885
"LSO","Sarawak",1,1,0,28.5,-29.5,2.495247,110.536555
"LSO","Selangor",161,72,89,28.5,-29.5,3.421418,101.5183
"LTU","Johor",1676,752,924,24,56,1.922581,103.4114
"LTU","Kedah",1182,538,644,24,56,5.954218,100.714327
"LTU","Kelantan",12,9,3,24,56,5.060771,102.0594
"LTU","Pahang",4,3,1,24,56,4.076981,102.549911
"LTU","Perak",32,8,24,24,56,4.713235,100.998192
"LTU","Perlis",132,86,46,24,56,6.528438,100.24337
"LTU","Pulau Pinang",272,134,138,24,56,5.419481,100.381885
"LTU","Sabah",157,87,70,24,56,5.321874,115.214806
"LTU","Sarawak",221,96,125,24,56,2.495247,110.536555
"LTU","Selangor",10483,5272,5211,24,56,3.421418,101.5183
"LTU","Terengganu",1,1,0,24,56,5.170658,103.049157
"LTU","W.P. Labuan",96,37,59,24,56,5.299798,112.414806
"LUX","Johor",238,148,90,6.1667,49.75,1.922581,103.4114
"LUX","Kedah",119,65,54,6.1667,49.75,5.954218,100.714327
"LUX","Kelantan",4,2,2,6.1667,49.75,5.060771,102.0594
"LUX","Pahang",2,2,0,6.1667,49.75,4.076981,102.549911
"LUX","Perak",2,2,0,6.1667,49.75,4.713235,100.998192
"LUX","Perlis",16,11,5,6.1667,49.75,6.528438,100.24337
"LUX","Pulau Pinang",78,47,31,6.1667,49.75,5.419481,100.381885
"LUX","Sabah",28,14,14,6.1667,49.75,5.321874,115.214806
"LUX","Sarawak",21,14,7,6.1667,49.75,2.495247,110.536555
"LUX","Selangor",1362,813,549,6.1667,49.75,3.421418,101.5183
"LVA","Johor",930,422,508,25,57,1.922581,103.4114
"LVA","Kedah",389,166,223,25,57,5.954218,100.714327
"LVA","Kelantan",4,1,3,25,57,5.060771,102.0594
"LVA","Pahang",2,2,0,25,57,4.076981,102.549911
"LVA","Perak",9,4,5,25,57,4.713235,100.998192
"LVA","Perlis",54,38,16,25,57,6.528438,100.24337
"LVA","Pulau Pinang",115,57,58,25,57,5.419481,100.381885
"LVA","Sabah",159,55,104,25,57,5.321874,115.214806
"LVA","Sarawak",252,98,154,25,57,2.495247,110.536555
"LVA","Selangor",4810,2463,2347,25,57,3.421418,101.5183
"LVA","W.P. Labuan",53,19,34,25,57,5.299798,112.414806
"MAC","Johor",9,4,5,113.55,22.1667,1.922581,103.4114
"MAC","Pahang",2,1,1,113.55,22.1667,4.076981,102.549911
"MAC","Perak",32,19,13,113.55,22.1667,4.713235,100.998192
"MAC","Pulau Pinang",3,0,3,113.55,22.1667,5.419481,100.381885
"MAC","Selangor",85,38,47,113.55,22.1667,3.421418,101.5183
"MAC","W.P. Labuan",1,1,0,113.55,22.1667,5.299798,112.414806
"MAR","Johor",2248,1416,832,-5,32,1.922581,103.4114
"MAR","Kedah",262,160,102,-5,32,5.954218,100.714327
"MAR","Kelantan",31,24,7,-5,32,5.060771,102.0594
"MAR","Melaka",2,0,2,-5,32,2.306839,102.3566
"MAR","Pahang",5,3,2,-5,32,4.076981,102.549911
"MAR","Perak",4,2,2,-5,32,4.713235,100.998192
"MAR","Perlis",55,45,10,-5,32,6.528438,100.24337
"MAR","Pulau Pinang",281,193,88,-5,32,5.419481,100.381885
"MAR","Sabah",77,42,35,-5,32,5.321874,115.214806
"MAR","Sarawak",165,123,42,-5,32,2.495247,110.536555
"MAR","Selangor",25417,13003,12414,-5,32,3.421418,101.5183
"MAR","W.P. Labuan",5,5,0,-5,32,5.299798,112.414806
"MCO","Johor",19,16,3,7.4,43.7333,1.922581,103.4114
"MCO","Kedah",6,4,2,7.4,43.7333,5.954218,100.714327
"MCO","Perlis",1,0,1,7.4,43.7333,6.528438,100.24337
"MCO","Pulau Pinang",1,1,0,7.4,43.7333,5.419481,100.381885
"MCO","Sabah",1,1,0,7.4,43.7333,5.321874,115.214806
"MCO","Selangor",75,37,38,7.4,43.7333,3.421418,101.5183
"MDA","Johor",117,55,62,29,47,1.922581,103.4114
"MDA","Kedah",49,24,25,29,47,5.954218,100.714327
"MDA","Kelantan",6,3,3,29,47,5.060771,102.0594
"MDA","Negeri Sembilan",2,2,0,29,47,2.826793,102.249487
"MDA","Pahang",1,1,0,29,47,4.076981,102.549911
"MDA","Perlis",3,2,1,29,47,6.528438,100.24337
"MDA","Pulau Pinang",21,12,9,29,47,5.419481,100.381885
"MDA","Sabah",16,8,8,29,47,5.321874,115.214806
"MDA","Sarawak",11,1,10,29,47,2.495247,110.536555
"MDA","Selangor",857,439,418,29,47,3.421418,101.5183
"MDG","Johor",290,118,172,47,-20,1.922581,103.4114
"MDG","Kedah",22,7,15,47,-20,5.954218,100.714327
"MDG","Perak",2,0,2,47,-20,4.713235,100.998192
"MDG","Perlis",1,0,1,47,-20,6.528438,100.24337
"MDG","Pulau Pinang",17,6,11,47,-20,5.419481,100.381885
"MDG","Sabah",7,1,6,47,-20,5.321874,115.214806
"MDG","Sarawak",2,0,2,47,-20,2.495247,110.536555
"MDG","Selangor",1820,804,1016,47,-20,3.421418,101.5183
"MDV","Johor",4712,2443,2269,73,3.25,1.922581,103.4114
"MDV","Kedah",168,92,76,73,3.25,5.954218,100.714327
"MDV","Kelantan",7,6,1,73,3.25,5.060771,102.0594
"MDV","Perak",17,6,11,73,3.25,4.713235,100.998192
"MDV","Perlis",18,14,4,73,3.25,6.528438,100.24337
"MDV","Pulau Pinang",161,106,55,73,3.25,5.419481,100.381885
"MDV","Sabah",38,25,13,73,3.25,5.321874,115.214806
"MDV","Sarawak",51,28,23,73,3.25,2.495247,110.536555
"MDV","Selangor",75157,39167,35990,73,3.25,3.421418,101.5183
"MEX","Johor",4196,2051,2145,-102,23,1.922581,103.4114
"MEX","Kedah",371,168,203,-102,23,5.954218,100.714327
"MEX","Kelantan",10,5,5,-102,23,5.060771,102.0594
"MEX","Pahang",4,3,1,-102,23,4.076981,102.549911
"MEX","Perak",29,18,11,-102,23,4.713235,100.998192
"MEX","Perlis",61,37,24,-102,23,6.528438,100.24337
"MEX","Pulau Pinang",877,606,271,-102,23,5.419481,100.381885
"MEX","Sabah",141,71,70,-102,23,5.321874,115.214806
"MEX","Sarawak",119,67,52,-102,23,2.495247,110.536555
"MEX","Selangor",16533,8451,8082,-102,23,3.421418,101.5183
"MEX","W.P. Labuan",1,1,0,-102,23,5.299798,112.414806
"MHL","Johor",21,15,6,168,9,1.922581,103.4114
"MHL","Kedah",1,1,0,168,9,5.954218,100.714327
"MHL","Perak",2,1,1,168,9,4.713235,100.998192
"MHL","Pulau Pinang",5,4,1,168,9,5.419481,100.381885
"MHL","Sabah",2,2,0,168,9,5.321874,115.214806
"MHL","Sarawak",1,1,0,168,9,2.495247,110.536555
"MHL","Selangor",79,58,21,168,9,3.421418,101.5183
"MKD","Johor",169,95,74,22,41.8333,1.922581,103.4114
"MKD","Kedah",63,31,32,22,41.8333,5.954218,100.714327
"MKD","Perak",2,0,2,22,41.8333,4.713235,100.998192
"MKD","Perlis",2,2,0,22,41.8333,6.528438,100.24337
"MKD","Pulau Pinang",23,14,9,22,41.8333,5.419481,100.381885
"MKD","Sabah",5,3,2,22,41.8333,5.321874,115.214806
"MKD","Sarawak",34,16,18,22,41.8333,2.495247,110.536555
"MKD","Selangor",1034,563,471,22,41.8333,3.421418,101.5183
"MLI","Johor",50,50,0,-4,17,1.922581,103.4114
"MLI","Pulau Pinang",1,0,1,-4,17,5.419481,100.381885
"MLI","Sabah",1,1,0,-4,17,5.321874,115.214806
"MLI","Sarawak",1,1,0,-4,17,2.495247,110.536555
"MLI","Selangor",278,204,74,-4,17,3.421418,101.5183
"MLT","Johor",224,134,90,14.5833,35.8333,1.922581,103.4114
"MLT","Kedah",101,66,35,14.5833,35.8333,5.954218,100.714327
"MLT","Kelantan",1,1,0,14.5833,35.8333,5.060771,102.0594
"MLT","Perak",4,1,3,14.5833,35.8333,4.713235,100.998192
"MLT","Perlis",11,7,4,14.5833,35.8333,6.528438,100.24337
"MLT","Pulau Pinang",138,88,50,14.5833,35.8333,5.419481,100.381885
"MLT","Sabah",19,13,6,14.5833,35.8333,5.321874,115.214806
"MLT","Sarawak",16,12,4,14.5833,35.8333,2.495247,110.536555
"MLT","Selangor",1313,802,511,14.5833,35.8333,3.421418,101.5183
"MLT","W.P. Labuan",2,1,1,14.5833,35.8333,5.299798,112.414806
"MMR","Johor",144186,44150,100036,196,44,1.922581,103.4114
"MMR","Kedah",1780,419,1361,196,44,5.954218,100.714327
"MMR","Kelantan",68,25,43,196,44,5.060771,102.0594
"MMR","Melaka",2,0,2,196,44,2.306839,102.3566
"MMR","Negeri Sembilan",3,3,0,196,44,2.826793,102.249487
"MMR","Pahang",69,27,42,196,44,4.076981,102.549911
"MMR","Perak",660,152,508,196,44,4.713235,100.998192
"MMR","Perlis",176,26,150,196,44,6.528438,100.24337
"MMR","Pulau Pinang",7631,3715,3916,196,44,5.419481,100.381885
"MMR","Sabah",444,144,300,196,44,5.321874,115.214806
"MMR","Sarawak",2019,924,1095,196,44,2.495247,110.536555
"MMR","Selangor",203863,141429,62434,196,44,3.421418,101.5183
"MMR","Terengganu",1,1,0,196,44,5.170658,103.049157
"MMR","W.P. Labuan",29,15,14,196,44,5.299798,112.414806
"MNE","Johor",81,78,3,19,42,1.922581,103.4114
"MNE","Kedah",1,0,1,19,42,5.954218,100.714327
"MNE","Pulau Pinang",7,5,2,19,42,5.419481,100.381885
"MNE","Sabah",4,3,1,19,42,5.321874,115.214806
"MNE","Sarawak",3,3,0,19,42,2.495247,110.536555
"MNE","Selangor",468,370,98,19,42,3.421418,101.5183
"MNG","Johor",5084,2135,2949,105,46,1.922581,103.4114
"MNG","Kedah",268,101,167,105,46,5.954218,100.714327
"MNG","Kelantan",10,4,6,105,46,5.060771,102.0594
"MNG","Perak",14,4,10,105,46,4.713235,100.998192
"MNG","Perlis",107,65,42,105,46,6.528438,100.24337
"MNG","Pulau Pinang",288,131,157,105,46,5.419481,100.381885
"MNG","Sabah",161,60,101,105,46,5.321874,115.214806
"MNG","Sarawak",18,13,5,105,46,2.495247,110.536555
"MNG","Selangor",10464,4383,6081,105,46,3.421418,101.5183
"MNP","Selangor",3,2,1,145.75,15.2,3.421418,101.5183
"MOZ","Johor",18,10,8,35,-18.25,1.922581,103.4114
"MOZ","Kedah",14,10,4,35,-18.25,5.954218,100.714327
"MOZ","Perak",1,1,0,35,-18.25,4.713235,100.998192
"MOZ","Pulau Pinang",6,3,3,35,-18.25,5.419481,100.381885
"MOZ","Sabah",1,1,0,35,-18.25,5.321874,115.214806
"MOZ","Sarawak",3,2,1,35,-18.25,2.495247,110.536555
"MOZ","Selangor",913,483,430,35,-18.25,3.421418,101.5183
"MRT","Johor",57,47,10,-12,20,1.922581,103.4114
"MRT","Kedah",5,4,1,-12,20,5.954218,100.714327
"MRT","Pulau Pinang",1,1,0,-12,20,5.419481,100.381885
"MRT","Sabah",2,2,0,-12,20,5.321874,115.214806
"MRT","Sarawak",6,6,0,-12,20,2.495247,110.536555
"MRT","Selangor",673,544,129,-12,20,3.421418,101.5183
"MUS","Johor",4553,2349,2204,57.55,-20.2833,1.922581,103.4114
"MUS","Kedah",155,76,79,57.55,-20.2833,5.954218,100.714327
"MUS","Kelantan",7,4,3,57.55,-20.2833,5.060771,102.0594
"MUS","Pahang",10,6,4,57.55,-20.2833,4.076981,102.549911
"MUS","Perak",24,11,13,57.55,-20.2833,4.713235,100.998192
"MUS","Perlis",41,30,11,57.55,-20.2833,6.528438,100.24337
"MUS","Pulau Pinang",224,116,108,57.55,-20.2833,5.419481,100.381885
"MUS","Sabah",36,22,14,57.55,-20.2833,5.321874,115.214806
"MUS","Sarawak",25,13,12,57.55,-20.2833,2.495247,110.536555
"MUS","Selangor",36604,18587,18017,57.55,-20.2833,3.421418,101.5183
"MWI","Johor",32,18,14,34,-13.5,1.922581,103.4114
"MWI","Pulau Pinang",12,7,5,34,-13.5,5.419481,100.381885
"MWI","Sabah",3,1,2,34,-13.5,5.321874,115.214806
"MWI","Sarawak",7,0,7,34,-13.5,2.495247,110.536555
"MWI","Selangor",608,343,265,34,-13.5,3.421418,101.5183
"MYT","Selangor",2,0,2,45.1667,-12.8333,3.421418,101.5183
"NAM","Johor",61,33,28,17,-22,1.922581,103.4114
"NAM","Kedah",5,1,4,17,-22,5.954218,100.714327
"NAM","Perak",7,3,4,17,-22,4.713235,100.998192
"NAM","Perlis",3,1,2,17,-22,6.528438,100.24337
"NAM","Pulau Pinang",8,3,5,17,-22,5.419481,100.381885
"NAM","Sabah",2,1,1,17,-22,5.321874,115.214806
"NAM","Sarawak",3,3,0,17,-22,2.495247,110.536555
"NAM","Selangor",527,251,276,17,-22,3.421418,101.5183
"NCL","Selangor",2,2,0,165.5,-21.5,3.421418,101.5183
"NER","Johor",7,7,0,8,16,1.922581,103.4114
"NER","Sabah",1,1,0,8,16,5.321874,115.214806
"NER","Selangor",82,52,30,8,16,3.421418,101.5183
"NGA","Johor",783,685,98,8,10,1.922581,103.4114
"NGA","Kedah",32,21,11,8,10,5.954218,100.714327
"NGA","Kelantan",3,2,1,8,10,5.060771,102.0594
"NGA","Perlis",3,3,0,8,10,6.528438,100.24337
"NGA","Pulau Pinang",123,99,24,8,10,5.419481,100.381885
"NGA","Sabah",10,10,0,8,10,5.321874,115.214806
"NGA","Sarawak",230,167,63,8,10,2.495247,110.536555
"NGA","Selangor",14368,11463,2905,8,10,3.421418,101.5183
"NIC","Johor",48,22,26,-85,13,1.922581,103.4114
"NIC","Kedah",15,5,10,-85,13,5.954218,100.714327
"NIC","Pulau Pinang",8,5,3,-85,13,5.419481,100.381885
"NIC","Sabah",3,2,1,-85,13,5.321874,115.214806
"NIC","Selangor",169,89,80,-85,13,3.421418,101.5183
"NLD","Johor",28665,18384,10281,5.75,52.5,1.922581,103.4114
"NLD","Kedah",8876,4535,4341,5.75,52.5,5.954218,100.714327
"NLD","Kelantan",136,93,43,5.75,52.5,5.060771,102.0594
"NLD","Melaka",45,32,13,5.75,52.5,2.306839,102.3566
"NLD","Negeri Sembilan",20,11,9,5.75,52.5,2.826793,102.249487
"NLD","Pahang",61,39,22,5.75,52.5,4.076981,102.549911
"NLD","Perak",395,238,157,5.75,52.5,4.713235,100.998192
"NLD","Perlis",1150,699,451,5.75,52.5,6.528438,100.24337
"NLD","Pulau Pinang",6776,4219,2557,5.75,52.5,5.419481,100.381885
"NLD","Sabah",2043,1126,917,5.75,52.5,5.321874,115.214806
"NLD","Sarawak",3960,2442,1518,5.75,52.5,2.495247,110.536555
"NLD","Selangor",122387,71954,50433,5.75,52.5,3.421418,101.5183
"NLD","Terengganu",2,2,0,5.75,52.5,5.170658,103.049157
"NLD","W.P. Labuan",94,55,39,5.75,52.5,5.299798,112.414806
"NOR","Johor",4730,2955,1775,10,62,1.922581,103.4114
"NOR","Kedah",2070,976,1094,10,62,5.954218,100.714327
"NOR","Kelantan",38,28,10,10,62,5.060771,102.0594
"NOR","Melaka",1,1,0,10,62,2.306839,102.3566
"NOR","Pahang",6,4,2,10,62,4.076981,102.549911
"NOR","Perak",38,25,13,10,62,4.713235,100.998192
"NOR","Perlis",268,144,124,10,62,6.528438,100.24337
"NOR","Pulau Pinang",1014,608,406,10,62,5.419481,100.381885
"NOR","Sabah",293,201,92,10,62,5.321874,115.214806
"NOR","Sarawak",526,377,149,10,62,2.495247,110.536555
"NOR","Selangor",21002,12574,8428,10,62,3.421418,101.5183
"NOR","W.P. Labuan",21,16,5,10,62,5.299798,112.414806
"NPL","Johor",20873,15774,5099,84,28,1.922581,103.4114
"NPL","Kedah",360,234,126,84,28,5.954218,100.714327
"NPL","Kelantan",1,1,0,84,28,5.060771,102.0594
"NPL","Pahang",2,2,0,84,28,4.076981,102.549911
"NPL","Perak",10,8,2,84,28,4.713235,100.998192
"NPL","Perlis",30,29,1,84,28,6.528438,100.24337
"NPL","Pulau Pinang",824,712,112,84,28,5.419481,100.381885
"NPL","Sabah",181,148,33,84,28,5.321874,115.214806
"NPL","Sarawak",5754,4012,1742,84,28,2.495247,110.536555
"NPL","Selangor",420051,401053,18998,84,28,3.421418,101.5183
"NPL","W.P. Labuan",1605,1483,122,84,28,5.299798,112.414806
"NRU","Johor",50,28,22,166.9167,-0.5333,1.922581,103.4114
"NRU","Pulau Pinang",1,1,0,166.9167,-0.5333,5.419481,100.381885
"NRU","Selangor",51,40,11,166.9167,-0.5333,3.421418,101.5183
"NZL","Johor",21250,12831,8419,174,-41,1.922581,103.4114
"NZL","Kedah",2675,1506,1169,174,-41,5.954218,100.714327
"NZL","Kelantan",73,47,26,174,-41,5.060771,102.0594
"NZL","Melaka",22,10,12,174,-41,2.306839,102.3566
"NZL","Negeri Sembilan",6,5,1,174,-41,2.826793,102.249487
"NZL","Pahang",97,59,38,174,-41,4.076981,102.549911
"NZL","Perak",611,344,267,174,-41,4.713235,100.998192
"NZL","Perlis",500,304,196,174,-41,6.528438,100.24337
"NZL","Pulau Pinang",5951,3342,2609,174,-41,5.419481,100.381885
"NZL","Sabah",1562,840,722,174,-41,5.321874,115.214806
"NZL","Sarawak",3510,1993,1517,174,-41,2.495247,110.536555
"NZL","Selangor",76919,45468,31451,174,-41,3.421418,101.5183
"NZL","Terengganu",7,5,2,174,-41,5.170658,103.049157
"NZL","W.P. Labuan",72,49,23,174,-41,5.299798,112.414806
"OMN","Johor",1560,834,726,57,21,1.922581,103.4114
"OMN","Kedah",165,103,62,57,21,5.954218,100.714327
"OMN","Kelantan",9,8,1,57,21,5.060771,102.0594
"OMN","Melaka",1,1,0,57,21,2.306839,102.3566
"OMN","Perak",21,14,7,57,21,4.713235,100.998192
"OMN","Perlis",43,31,12,57,21,6.528438,100.24337
"OMN","Pulau Pinang",291,191,100,57,21,5.419481,100.381885
"OMN","Sabah",20,9,11,57,21,5.321874,115.214806
"OMN","Sarawak",310,177,133,57,21,2.495247,110.536555
"OMN","Selangor",37057,21461,15596,57,21,3.421418,101.5183
"OMN","W.P. Labuan",1,1,0,57,21,5.299798,112.414806
"PAK","Johor",22216,16328,5888,70,30,1.922581,103.4114
"PAK","Kedah",2916,2094,822,70,30,5.954218,100.714327
"PAK","Kelantan",356,350,6,70,30,5.060771,102.0594
"PAK","Melaka",7,7,0,70,30,2.306839,102.3566
"PAK","Negeri Sembilan",5,5,0,70,30,2.826793,102.249487
"PAK","Pahang",13,10,3,70,30,4.076981,102.549911
"PAK","Perak",556,530,26,70,30,4.713235,100.998192
"PAK","Perlis",589,551,38,70,30,6.528438,100.24337
"PAK","Pulau Pinang",2295,2016,279,70,30,5.419481,100.381885
"PAK","Sabah",405,345,60,70,30,5.321874,115.214806
"PAK","Sarawak",4075,3443,632,70,30,2.495247,110.536555
"PAK","Selangor",321827,275730,46097,70,30,3.421418,101.5183
"PAK","W.P. Labuan",109,92,17,70,30,5.299798,112.414806
"PAN","Johor",168,87,81,-80,9,1.922581,103.4114
"PAN","Kedah",13,5,8,-80,9,5.954218,100.714327
"PAN","Perak",2,2,0,-80,9,4.713235,100.998192
"PAN","Perlis",2,1,1,-80,9,6.528438,100.24337
"PAN","Pulau Pinang",28,19,9,-80,9,5.419481,100.381885
"PAN","Sabah",15,4,11,-80,9,5.321874,115.214806
"PAN","Sarawak",6,3,3,-80,9,2.495247,110.536555
"PAN","Selangor",713,339,374,-80,9,3.421418,101.5183
"PER","Johor",868,489,379,-76,-10,1.922581,103.4114
"PER","Kedah",153,72,81,-76,-10,5.954218,100.714327
"PER","Kelantan",5,3,2,-76,-10,5.060771,102.0594
"PER","Pahang",2,2,0,-76,-10,4.076981,102.549911
"PER","Perak",6,3,3,-76,-10,4.713235,100.998192
"PER","Perlis",31,15,16,-76,-10,6.528438,100.24337
"PER","Pulau Pinang",106,56,50,-76,-10,5.419481,100.381885
"PER","Sabah",33,16,17,-76,-10,5.321874,115.214806
"PER","Sarawak",24,17,7,-76,-10,2.495247,110.536555
"PER","Selangor",3631,1856,1775,-76,-10,3.421418,101.5183
"PER","W.P. Labuan",1,0,1,-76,-10,5.299798,112.414806
"PHL","Johor",568342,179616,388726,122,13,1.922581,103.4114
"PHL","Kedah",14050,4589,9461,122,13,5.954218,100.714327
"PHL","Kelantan",845,425,420,122,13,5.060771,102.0594
"PHL","Melaka",18,5,13,122,13,2.306839,102.3566
"PHL","Negeri Sembilan",20,17,3,122,13,2.826793,102.249487
"PHL","Pahang",478,367,111,122,13,4.076981,102.549911
"PHL","Perak",1834,582,1252,122,13,4.713235,100.998192
"PHL","Perlis",4442,1442,3000,122,13,6.528438,100.24337
"PHL","Pulau Pinang",17550,6911,10639,122,13,5.419481,100.381885
"PHL","Sabah",36757,16654,20103,122,13,5.321874,115.214806
"PHL","Sarawak",61972,25459,36513,122,13,2.495247,110.536555
"PHL","Selangor",438334,180165,258169,122,13,3.421418,101.5183
"PHL","Terengganu",8,6,2,122,13,5.170658,103.049157
"PHL","W.P. Labuan",3019,1135,1884,122,13,5.299798,112.414806
"PLW","Johor",21,18,3,134.5,7.5,1.922581,103.4114
"PLW","Pulau Pinang",3,3,0,134.5,7.5,5.419481,100.381885
"PLW","Selangor",33,21,12,134.5,7.5,3.421418,101.5183
"PNG","Johor",484,239,245,147,-6,1.922581,103.4114
"PNG","Kedah",7,4,3,147,-6,5.954218,100.714327
"PNG","Kelantan",1,0,1,147,-6,5.060771,102.0594
"PNG","Perak",10,8,2,147,-6,4.713235,100.998192
"PNG","Pulau Pinang",38,19,19,147,-6,5.419481,100.381885
"PNG","Sabah",24,12,12,147,-6,5.321874,115.214806
"PNG","Sarawak",136,69,67,147,-6,2.495247,110.536555
"PNG","Selangor",1819,1095,724,147,-6,3.421418,101.5183
"POL","Johor",12154,6582,5572,20,52,1.922581,103.4114
"POL","Kedah",4795,2358,2437,20,52,5.954218,100.714327
"POL","Kelantan",63,32,31,20,52,5.060771,102.0594
"POL","Melaka",5,5,0,20,52,2.306839,102.3566
"POL","Negeri Sembilan",1,1,0,20,52,2.826793,102.249487
"POL","Pahang",26,15,11,20,52,4.076981,102.549911
"POL","Perak",83,42,41,20,52,4.713235,100.998192
"POL","Perlis",630,365,265,20,52,6.528438,100.24337
"POL","Pulau Pinang",1917,1022,895,20,52,5.419481,100.381885
"POL","Sabah",1080,545,535,20,52,5.321874,115.214806
"POL","Sarawak",1294,657,637,20,52,2.495247,110.536555
"POL","Selangor",39612,21053,18559,20,52,3.421418,101.5183
"POL","Terengganu",1,1,0,20,52,5.170658,103.049157
"POL","W.P. Labuan",76,47,29,20,52,5.299798,112.414806
"PRI","Sabah",1,0,1,-66.5,18.25,5.321874,115.214806
"PRK","Selangor",9,8,1,127,40,3.421418,101.5183
"PRT","Johor",4466,2497,1969,-8,39.5,1.922581,103.4114
"PRT","Kedah",1538,793,745,-8,39.5,5.954218,100.714327
"PRT","Kelantan",15,11,4,-8,39.5,5.060771,102.0594
"PRT","Melaka",4,3,1,-8,39.5,2.306839,102.3566
"PRT","Pahang",6,4,2,-8,39.5,4.076981,102.549911
"PRT","Perak",47,31,16,-8,39.5,4.713235,100.998192
"PRT","Perlis",144,89,55,-8,39.5,6.528438,100.24337
"PRT","Pulau Pinang",1051,560,491,-8,39.5,5.419481,100.381885
"PRT","Sabah",478,263,215,-8,39.5,5.321874,115.214806
"PRT","Sarawak",253,145,108,-8,39.5,2.495247,110.536555
"PRT","Selangor",19924,11533,8391,-8,39.5,3.421418,101.5183
"PRT","W.P. Labuan",13,6,7,-8,39.5,5.299798,112.414806
"PRY","Johor",102,57,45,-58,-23,1.922581,103.4114
"PRY","Kedah",8,2,6,-58,-23,5.954218,100.714327
"PRY","Perak",2,1,1,-58,-23,4.713235,100.998192
"PRY","Perlis",3,2,1,-58,-23,6.528438,100.24337
"PRY","Pulau Pinang",17,9,8,-58,-23,5.419481,100.381885
"PRY","Sabah",13,8,5,-58,-23,5.321874,115.214806
"PRY","Sarawak",1,1,0,-58,-23,2.495247,110.536555
"PRY","Selangor",317,167,150,-58,-23,3.421418,101.5183
"PSE","Johor",450,388,62,35.25,32,1.922581,103.4114
"PSE","Kedah",55,34,21,35.25,32,5.954218,100.714327
"PSE","Kelantan",7,6,1,35.25,32,5.060771,102.0594
"PSE","Melaka",3,3,0,35.25,32,2.306839,102.3566
"PSE","Perak",6,5,1,35.25,32,4.713235,100.998192
"PSE","Perlis",3,3,0,35.25,32,6.528438,100.24337
"PSE","Pulau Pinang",41,34,7,35.25,32,5.419481,100.381885
"PSE","Sabah",10,10,0,35.25,32,5.321874,115.214806
"PSE","Sarawak",48,40,8,35.25,32,2.495247,110.536555
"PSE","Selangor",9626,6696,2930,35.25,32,3.421418,101.5183
"QAT","Johor",441,230,211,51.25,25.5,1.922581,103.4114
"QAT","Kedah",43,24,19,51.25,25.5,5.954218,100.714327
"QAT","Perlis",6,6,0,51.25,25.5,6.528438,100.24337
"QAT","Pulau Pinang",50,29,21,51.25,25.5,5.419481,100.381885
"QAT","Sabah",1,1,0,51.25,25.5,5.321874,115.214806
"QAT","Sarawak",24,18,6,51.25,25.5,2.495247,110.536555
"QAT","Selangor",4823,2941,1882,51.25,25.5,3.421418,101.5183
"REU","Johor",1,0,1,55.6,-21.1,1.922581,103.4114
"REU","Sarawak",1,1,0,55.6,-21.1,2.495247,110.536555
"ROU","Johor",3809,2179,1630,25,46,1.922581,103.4114
"ROU","Kedah",1470,708,762,25,46,5.954218,100.714327
"ROU","Kelantan",22,14,8,25,46,5.060771,102.0594
"ROU","Melaka",1,1,0,25,46,2.306839,102.3566
"ROU","Negeri Sembilan",2,2,0,25,46,2.826793,102.249487
"ROU","Pahang",10,10,0,25,46,4.076981,102.549911
"ROU","Perak",34,16,18,25,46,4.713235,100.998192
"ROU","Perlis",77,42,35,25,46,6.528438,100.24337
"ROU","Pulau Pinang",625,335,290,25,46,5.419481,100.381885
"ROU","Sabah",208,115,93,25,46,5.321874,115.214806
"ROU","Sarawak",218,151,67,25,46,2.495247,110.536555
"ROU","Selangor",19496,10306,9190,25,46,3.421418,101.5183
"ROU","W.P. Labuan",8,5,3,25,46,5.299798,112.414806
"RUS","Johor",11603,6023,5580,200,120,1.922581,103.4114
"RUS","Kedah",14215,7079,7136,200,120,5.954218,100.714327
"RUS","Kelantan",1306,708,598,200,120,5.060771,102.0594
"RUS","Melaka",25,21,4,200,120,2.306839,102.3566
"RUS","Negeri Sembilan",4,4,0,200,120,2.826793,102.249487
"RUS","Pahang",56,32,24,200,120,4.076981,102.549911
"RUS","Perak",126,65,61,200,120,4.713235,100.998192
"RUS","Perlis",6526,3726,2800,200,120,6.528438,100.24337
"RUS","Pulau Pinang",4977,2612,2365,200,120,5.419481,100.381885
"RUS","Sabah",1454,682,772,200,120,5.321874,115.214806
"RUS","Sarawak",1499,772,727,200,120,2.495247,110.536555
"RUS","Selangor",239270,120363,118907,200,120,3.421418,101.5183
"RUS","W.P. Labuan",181,92,89,200,120,5.299798,112.414806
"RWA","Johor",26,13,13,30,-2,1.922581,103.4114
"RWA","Kedah",2,0,2,30,-2,5.954218,100.714327
"RWA","Pulau Pinang",6,6,0,30,-2,5.419481,100.381885
"RWA","Selangor",263,149,114,30,-2,3.421418,101.5183
"SAU","Johor",5308,2971,2337,45,25,1.922581,103.4114
"SAU","Kedah",1132,629,503,45,25,5.954218,100.714327
"SAU","Kelantan",152,84,68,45,25,5.060771,102.0594
"SAU","Melaka",2,2,0,45,25,2.306839,102.3566
"SAU","Perak",54,28,26,45,25,4.713235,100.998192
"SAU","Perlis",137,95,42,45,25,6.528438,100.24337
"SAU","Pulau Pinang",1092,574,518,45,25,5.419481,100.381885
"SAU","Sabah",69,53,16,45,25,5.321874,115.214806
"SAU","Sarawak",340,240,100,45,25,2.495247,110.536555
"SAU","Selangor",143617,79391,64226,45,25,3.421418,101.5183
"SAU","W.P. Labuan",3,3,0,45,25,5.299798,112.414806
"SDN","Johor",280,188,92,30,15,1.922581,103.4114
"SDN","Kedah",41,24,17,30,15,5.954218,100.714327
"SDN","Kelantan",6,4,2,30,15,5.060771,102.0594
"SDN","Perlis",7,5,2,30,15,6.528438,100.24337
"SDN","Pulau Pinang",47,23,24,30,15,5.419481,100.381885
"SDN","Sabah",8,8,0,30,15,5.321874,115.214806
"SDN","Sarawak",120,76,44,30,15,2.495247,110.536555
"SDN","Selangor",30068,17467,12601,30,15,3.421418,101.5183
"SDN","W.P. Labuan",12,11,1,30,15,5.299798,112.414806
"SEN","Johor",165,127,38,-14,14,1.922581,103.4114
"SEN","Kedah",11,5,6,-14,14,5.954218,100.714327
"SEN","Kelantan",1,1,0,-14,14,5.060771,102.0594
"SEN","Perak",1,0,1,-14,14,4.713235,100.998192
"SEN","Perlis",2,2,0,-14,14,6.528438,100.24337
"SEN","Pulau Pinang",9,3,6,-14,14,5.419481,100.381885
"SEN","Sabah",4,4,0,-14,14,5.321874,115.214806
"SEN","Sarawak",3,1,2,-14,14,2.495247,110.536555
"SEN","Selangor",1603,1142,461,-14,14,3.421418,101.5183
"SGP","Johor",32274928,18591614,13683314,103.8,1.3667,1.922581,103.4114
"SGP","Kedah",121551,63873,57678,103.8,1.3667,5.954218,100.714327
"SGP","Kelantan",2612,1586,1026,103.8,1.3667,5.060771,102.0594
"SGP","Melaka",595,436,159,103.8,1.3667,2.306839,102.3566
"SGP","Negeri Sembilan",115,60,55,103.8,1.3667,2.826793,102.249487
"SGP","Pahang",11800,6084,5716,103.8,1.3667,4.076981,102.549911
"SGP","Perak",157992,73898,84094,103.8,1.3667,4.713235,100.998192
"SGP","Perlis",6917,4024,2893,103.8,1.3667,6.528438,100.24337
"SGP","Pulau Pinang",489674,243669,246005,103.8,1.3667,5.419481,100.381885
"SGP","Sabah",70648,36457,34191,103.8,1.3667,5.321874,115.214806
"SGP","Sarawak",110856,61645,49211,103.8,1.3667,2.495247,110.536555
"SGP","Selangor",1248662,651786,596876,103.8,1.3667,3.421418,101.5183
"SGP","Terengganu",15,14,1,103.8,1.3667,5.170658,103.049157
"SGP","W.P. Labuan",342,280,62,103.8,1.3667,5.299798,112.414806
"SGS","Johor",1,1,0,-37,-54.5,1.922581,103.4114
"SGS","Sabah",1,0,1,-37,-54.5,5.321874,115.214806
"SGS","Selangor",5,4,1,-37,-54.5,3.421418,101.5183
"SHN","Johor",1,1,0,-5.7,-15.9333,1.922581,103.4114
"SHN","Sarawak",1,1,0,-5.7,-15.9333,2.495247,110.536555
"SLB","Johor",114,86,28,159,-8,1.922581,103.4114
"SLB","Perlis",1,1,0,159,-8,6.528438,100.24337
"SLB","Pulau Pinang",13,8,5,159,-8,5.419481,100.381885
"SLB","Sabah",8,4,4,159,-8,5.321874,115.214806
"SLB","Sarawak",127,38,89,159,-8,2.495247,110.536555
"SLB","Selangor",195,98,97,159,-8,3.421418,101.5183
"SLB","W.P. Labuan",1,0,1,159,-8,5.299798,112.414806
"SLE","Johor",68,46,22,-11.5,8.5,1.922581,103.4114
"SLE","Kedah",6,4,2,-11.5,8.5,5.954218,100.714327
"SLE","Kelantan",1,1,0,-11.5,8.5,5.060771,102.0594
"SLE","Perak",1,1,0,-11.5,8.5,4.713235,100.998192
"SLE","Perlis",1,1,0,-11.5,8.5,6.528438,100.24337
"SLE","Pulau Pinang",14,8,6,-11.5,8.5,5.419481,100.381885
"SLE","Sabah",1,1,0,-11.5,8.5,5.321874,115.214806
"SLE","Selangor",647,425,222,-11.5,8.5,3.421418,101.5183
"SLV","Johor",53,27,26,-88.9167,13.8333,1.922581,103.4114
"SLV","Kedah",29,13,16,-88.9167,13.8333,5.954218,100.714327
"SLV","Perak",2,1,1,-88.9167,13.8333,4.713235,100.998192
"SLV","Perlis",2,1,1,-88.9167,13.8333,6.528438,100.24337
"SLV","Pulau Pinang",28,17,11,-88.9167,13.8333,5.419481,100.381885
"SLV","Sabah",9,5,4,-88.9167,13.8333,5.321874,115.214806
"SLV","Sarawak",2,2,0,-88.9167,13.8333,2.495247,110.536555
"SLV","Selangor",393,213,180,-88.9167,13.8333,3.421418,101.5183
"SLV","W.P. Labuan",1,0,1,-88.9167,13.8333,5.299798,112.414806
"SMR","Johor",4,3,1,12.4167,43.7667,1.922581,103.4114
"SMR","Kedah",4,1,3,12.4167,43.7667,5.954218,100.714327
"SMR","Selangor",73,52,21,12.4167,43.7667,3.421418,101.5183
"SOM","Johor",16,14,2,49,10,1.922581,103.4114
"SOM","Kedah",6,6,0,49,10,5.954218,100.714327
"SOM","Kelantan",4,1,3,49,10,5.060771,102.0594
"SOM","Perlis",2,0,2,49,10,6.528438,100.24337
"SOM","Pulau Pinang",5,1,4,49,10,5.419481,100.381885
"SOM","Sabah",2,0,2,49,10,5.321874,115.214806
"SOM","Sarawak",1,1,0,49,10,2.495247,110.536555
"SOM","Selangor",7221,4452,2769,49,10,3.421418,101.5183
"SPM","Johor",1,0,1,-56.3333,46.8333,1.922581,103.4114
"SRB","Johor",258,173,85,21,44,1.922581,103.4114
"SRB","Kedah",96,56,40,21,44,5.954218,100.714327
"SRB","Kelantan",2,2,0,21,44,5.060771,102.0594
"SRB","Pahang",2,2,0,21,44,4.076981,102.549911
"SRB","Perak",4,2,2,21,44,4.713235,100.998192
"SRB","Perlis",6,2,4,21,44,6.528438,100.24337
"SRB","Pulau Pinang",99,67,32,21,44,5.419481,100.381885
"SRB","Sabah",21,12,9,21,44,5.321874,115.214806
"SRB","Sarawak",15,6,9,21,44,2.495247,110.536555
"SRB","Selangor",2443,1298,1145,21,44,3.421418,101.5183
"SSD","Johor",17,11,6,30,8,1.922581,103.4114
"SSD","Kedah",2,2,0,30,8,5.954218,100.714327
"SSD","Pulau Pinang",2,0,2,30,8,5.419481,100.381885
"SSD","Sabah",1,1,0,30,8,5.321874,115.214806
"SSD","Sarawak",26,18,8,30,8,2.495247,110.536555
"SSD","Selangor",920,605,315,30,8,3.421418,101.5183
"SSD","W.P. Labuan",4,2,2,30,8,5.299798,112.414806
"STP","Selangor",48,31,17,7,1,3.421418,101.5183
"SUR","Johor",110,51,59,-56,4,1.922581,103.4114
"SUR","Kedah",6,2,4,-56,4,5.954218,100.714327
"SUR","Kelantan",1,1,0,-56,4,5.060771,102.0594
"SUR","Perak",2,1,1,-56,4,4.713235,100.998192
"SUR","Perlis",6,6,0,-56,4,6.528438,100.24337
"SUR","Pulau Pinang",19,15,4,-56,4,5.419481,100.381885
"SUR","Sabah",4,2,2,-56,4,5.321874,115.214806
"SUR","Sarawak",1,1,0,-56,4,2.495247,110.536555
"SUR","Selangor",467,287,180,-56,4,3.421418,101.5183
"SVK","Johor",1090,627,463,19.5,48.6667,1.922581,103.4114
"SVK","Kedah",2360,1202,1158,19.5,48.6667,5.954218,100.714327
"SVK","Kelantan",24,18,6,19.5,48.6667,5.060771,102.0594
"SVK","Negeri Sembilan",1,1,0,19.5,48.6667,2.826793,102.249487
"SVK","Pahang",2,0,2,19.5,48.6667,4.076981,102.549911
"SVK","Perak",11,7,4,19.5,48.6667,4.713235,100.998192
"SVK","Perlis",64,41,23,19.5,48.6667,6.528438,100.24337
"SVK","Pulau Pinang",463,290,173,19.5,48.6667,5.419481,100.381885
"SVK","Sabah",178,92,86,19.5,48.6667,5.321874,115.214806
"SVK","Sarawak",97,58,39,19.5,48.6667,2.495247,110.536555
"SVK","Selangor",9691,5325,4366,19.5,48.6667,3.421418,101.5183
"SVK","W.P. Labuan",52,35,17,19.5,48.6667,5.299798,112.414806
"SVN","Johor",517,272,245,15,46,1.922581,103.4114
"SVN","Kedah",549,283,266,15,46,5.954218,100.714327
"SVN","Kelantan",1,1,0,15,46,5.060771,102.0594
"SVN","Perak",5,3,2,15,46,4.713235,100.998192
"SVN","Perlis",33,21,12,15,46,6.528438,100.24337
"SVN","Pulau Pinang",105,53,52,15,46,5.419481,100.381885
"SVN","Sabah",67,34,33,15,46,5.321874,115.214806
"SVN","Sarawak",50,25,25,15,46,2.495247,110.536555
"SVN","Selangor",4153,2324,1829,15,46,3.421418,101.5183
"SVN","W.P. Labuan",10,3,7,15,46,5.299798,112.414806
"SWE","Johor",7566,4486,3080,15,62,1.922581,103.4114
"SWE","Kedah",6770,3181,3589,15,62,5.954218,100.714327
"SWE","Kelantan",208,136,72,15,62,5.060771,102.0594
"SWE","Melaka",5,3,2,15,62,2.306839,102.3566
"SWE","Negeri Sembilan",2,2,0,15,62,2.826793,102.249487
"SWE","Pahang",14,9,5,15,62,4.076981,102.549911
"SWE","Perak",150,108,42,15,62,4.713235,100.998192
"SWE","Perlis",462,336,126,15,62,6.528438,100.24337
"SWE","Pulau Pinang",2287,1500,787,15,62,5.419481,100.381885
"SWE","Sabah",680,379,301,15,62,5.321874,115.214806
"SWE","Sarawak",619,414,205,15,62,2.495247,110.536555
"SWE","Selangor",34696,20757,13939,15,62,3.421418,101.5183
"SWE","W.P. Labuan",35,24,11,15,62,5.299798,112.414806
"SWZ","Johor",35,21,14,31.5,-26.5,1.922581,103.4114
"SWZ","Kedah",1,0,1,31.5,-26.5,5.954218,100.714327
"SWZ","Pulau Pinang",2,2,0,31.5,-26.5,5.419481,100.381885
"SWZ","Sabah",1,0,1,31.5,-26.5,5.321874,115.214806
"SWZ","Selangor",528,243,285,31.5,-26.5,3.421418,101.5183
"SYC","Johor",180,77,103,55.6667,-4.5833,1.922581,103.4114
"SYC","Kedah",5,4,1,55.6667,-4.5833,5.954218,100.714327
"SYC","Pahang",1,1,0,55.6667,-4.5833,4.076981,102.549911
"SYC","Pulau Pinang",15,9,6,55.6667,-4.5833,5.419481,100.381885
"SYC","Sabah",2,2,0,55.6667,-4.5833,5.321874,115.214806
"SYC","Sarawak",20,16,4,55.6667,-4.5833,2.495247,110.536555
"SYC","Selangor",2372,965,1407,55.6667,-4.5833,3.421418,101.5183
"SYR","Johor",426,277,149,38,35,1.922581,103.4114
"SYR","Kedah",116,70,46,38,35,5.954218,100.714327
"SYR","Kelantan",4,2,2,38,35,5.060771,102.0594
"SYR","Melaka",1,1,0,38,35,2.306839,102.3566
"SYR","Pahang",30,30,0,38,35,4.076981,102.549911
"SYR","Perlis",9,8,1,38,35,6.528438,100.24337
"SYR","Pulau Pinang",92,74,18,38,35,5.419481,100.381885
"SYR","Sabah",22,16,6,38,35,5.321874,115.214806
"SYR","Sarawak",105,80,25,38,35,2.495247,110.536555
"SYR","Selangor",19720,12535,7185,38,35,3.421418,101.5183
"SYR","W.P. Labuan",4,4,0,38,35,5.299798,112.414806
"TCA","Perlis",1,0,1,-71.5833,21.75,6.528438,100.24337
"TCA","Selangor",2,0,2,-71.5833,21.75,3.421418,101.5183
"TCD","Johor",86,75,11,19,15,1.922581,103.4114
"TCD","Kedah",3,3,0,19,15,5.954218,100.714327
"TCD","Perlis",3,3,0,19,15,6.528438,100.24337
"TCD","Pulau Pinang",1,1,0,19,15,5.419481,100.381885
"TCD","Selangor",677,525,152,19,15,3.421418,101.5183
"TGO","Johor",42,32,10,1.1667,8,1.922581,103.4114
"TGO","Kedah",1,1,0,1.1667,8,5.954218,100.714327
"TGO","Perak",3,3,0,1.1667,8,4.713235,100.998192
"TGO","Pulau Pinang",3,2,1,1.1667,8,5.419481,100.381885
"TGO","Sabah",1,1,0,1.1667,8,5.321874,115.214806
"TGO","Sarawak",1,0,1,1.1667,8,2.495247,110.536555
"TGO","Selangor",211,169,42,1.1667,8,3.421418,101.5183
"THA","Johor",177040,49457,127583,100,15,1.922581,103.4114
"THA","Kedah",2032950,1332813,700137,100,15,5.954218,100.714327
"THA","Kelantan",1130121,582225,547896,100,15,5.060771,102.0594
"THA","Melaka",196,102,94,100,15,2.306839,102.3566
"THA","Negeri Sembilan",26,15,11,100,15,2.826793,102.249487
"THA","Pahang",362,263,99,100,15,4.076981,102.549911
"THA","Perak",273252,126422,146830,100,15,4.713235,100.998192
"THA","Perlis",1614055,1027158,586897,100,15,6.528438,100.24337
"THA","Pulau Pinang",59494,24295,35199,100,15,5.419481,100.381885
"THA","Sabah",2212,717,1495,100,15,5.321874,115.214806
"THA","Sarawak",9949,3777,6172,100,15,2.495247,110.536555
"THA","Selangor",347523,138418,209105,100,15,3.421418,101.5183
"THA","Terengganu",28,24,4,100,15,5.170658,103.049157
"THA","W.P. Labuan",210,84,126,100,15,5.299798,112.414806
"TJK","Johor",71,52,19,71,39,1.922581,103.4114
"TJK","Kedah",26,18,8,71,39,5.954218,100.714327
"TJK","Kelantan",1,1,0,71,39,5.060771,102.0594
"TJK","Perlis",5,4,1,71,39,6.528438,100.24337
"TJK","Pulau Pinang",16,8,8,71,39,5.419481,100.381885
"TJK","Sabah",27,21,6,71,39,5.321874,115.214806
"TJK","Selangor",3399,2370,1029,71,39,3.421418,101.5183
"TKL","Selangor",2,2,0,-172,-9,3.421418,101.5183
"TKM","Johor",68,32,36,60,40,1.922581,103.4114
"TKM","Kedah",30,13,17,60,40,5.954218,100.714327
"TKM","Kelantan",2,1,1,60,40,5.060771,102.0594
"TKM","Perlis",2,2,0,60,40,6.528438,100.24337
"TKM","Pulau Pinang",12,11,1,60,40,5.419481,100.381885
"TKM","Sabah",13,7,6,60,40,5.321874,115.214806
"TKM","Sarawak",19,19,0,60,40,2.495247,110.536555
"TKM","Selangor",5229,2889,2340,60,40,3.421418,101.5183
"TLS","Johor",264,177,87,125.5167,-8.55,1.922581,103.4114
"TLS","Kedah",24,8,16,125.5167,-8.55,5.954218,100.714327
"TLS","Perak",9,2,7,125.5167,-8.55,4.713235,100.998192
"TLS","Perlis",1,1,0,125.5167,-8.55,6.528438,100.24337
"TLS","Pulau Pinang",151,75,76,125.5167,-8.55,5.419481,100.381885
"TLS","Sabah",17,10,7,125.5167,-8.55,5.321874,115.214806
"TLS","Sarawak",62,36,26,125.5167,-8.55,2.495247,110.536555
"TLS","Selangor",6217,3648,2569,125.5167,-8.55,3.421418,101.5183
"TON","Johor",27,16,11,-175,-20,1.922581,103.4114
"TON","Kedah",2,1,1,-175,-20,5.954218,100.714327
"TON","Pulau Pinang",46,15,31,-175,-20,5.419481,100.381885
"TON","Sabah",1,0,1,-175,-20,5.321874,115.214806
"TON","Sarawak",2,1,1,-175,-20,2.495247,110.536555
"TON","Selangor",346,173,173,-175,-20,3.421418,101.5183
"TTO","Johor",162,97,65,-61,11,1.922581,103.4114
"TTO","Kedah",15,5,10,-61,11,5.954218,100.714327
"TTO","Pahang",2,1,1,-61,11,4.076981,102.549911
"TTO","Perak",1,1,0,-61,11,4.713235,100.998192
"TTO","Pulau Pinang",28,14,14,-61,11,5.419481,100.381885
"TTO","Sabah",9,3,6,-61,11,5.321874,115.214806
"TTO","Sarawak",41,20,21,-61,11,2.495247,110.536555
"TTO","Selangor",899,526,373,-61,11,3.421418,101.5183
"TTO","W.P. Labuan",1,1,0,-61,11,5.299798,112.414806
"TUN","Johor",371,211,160,9,34,1.922581,103.4114
"TUN","Kedah",127,79,48,9,34,5.954218,100.714327
"TUN","Kelantan",13,11,2,9,34,5.060771,102.0594
"TUN","Melaka",6,2,4,9,34,2.306839,102.3566
"TUN","Perak",2,1,1,9,34,4.713235,100.998192
"TUN","Perlis",12,7,5,9,34,6.528438,100.24337
"TUN","Pulau Pinang",137,88,49,9,34,5.419481,100.381885
"TUN","Sabah",30,16,14,9,34,5.321874,115.214806
"TUN","Sarawak",25,16,9,9,34,2.495247,110.536555
"TUN","Selangor",17667,9029,8638,9,34,3.421418,101.5183
"TUN","W.P. Labuan",2,0,2,9,34,5.299798,112.414806
"TUR","Johor",7758,5451,2307,35,39,1.922581,103.4114
"TUR","Kedah",1282,837,445,35,39,5.954218,100.714327
"TUR","Kelantan",92,79,13,35,39,5.060771,102.0594
"TUR","Melaka",12,12,0,35,39,2.306839,102.3566
"TUR","Negeri Sembilan",7,5,2,35,39,2.826793,102.249487
"TUR","Pahang",16,10,6,35,39,4.076981,102.549911
"TUR","Perak",46,36,10,35,39,4.713235,100.998192
"TUR","Perlis",459,373,86,35,39,6.528438,100.24337
"TUR","Pulau Pinang",879,619,260,35,39,5.419481,100.381885
"TUR","Sabah",172,117,55,35,39,5.321874,115.214806
"TUR","Sarawak",575,420,155,35,39,2.495247,110.536555
"TUR","Selangor",39109,26687,12422,35,39,3.421418,101.5183
"TUR","Terengganu",1,1,0,35,39,5.170658,103.049157
"TUR","W.P. Labuan",6,5,1,35,39,5.299798,112.414806
"TUV","Johor",1,1,0,178,-8,1.922581,103.4114
"TUV","Pulau Pinang",2,0,2,178,-8,5.419481,100.381885
"TUV","Selangor",11,6,5,178,-8,3.421418,101.5183
"TWN","Johor",156834,67479,89355,121,23.5,1.922581,103.4114
"TWN","Kedah",4104,2015,2089,121,23.5,5.954218,100.714327
"TWN","Kelantan",57,38,19,121,23.5,5.060771,102.0594
"TWN","Melaka",104,51,53,121,23.5,2.306839,102.3566
"TWN","Negeri Sembilan",9,4,5,121,23.5,2.826793,102.249487
"TWN","Pahang",423,212,211,121,23.5,4.076981,102.549911
"TWN","Perak",1415,705,710,121,23.5,4.713235,100.998192
"TWN","Perlis",572,291,281,121,23.5,6.528438,100.24337
"TWN","Pulau Pinang",85004,42203,42801,121,23.5,5.419481,100.381885
"TWN","Sabah",33155,15671,17484,121,23.5,5.321874,115.214806
"TWN","Sarawak",8083,3523,4560,121,23.5,2.495247,110.536555
"TWN","Selangor",349185,169581,179604,121,23.5,3.421418,101.5183
"TWN","W.P. Labuan",157,86,71,121,23.5,5.299798,112.414806
"TZA","Johor",603,335,268,35,-6,1.922581,103.4114
"TZA","Kedah",20,8,12,35,-6,5.954218,100.714327
"TZA","Perak",4,4,0,35,-6,4.713235,100.998192
"TZA","Perlis",2,2,0,35,-6,6.528438,100.24337
"TZA","Pulau Pinang",15,9,6,35,-6,5.419481,100.381885
"TZA","Sabah",12,6,6,35,-6,5.321874,115.214806
"TZA","Sarawak",57,54,3,35,-6,2.495247,110.536555
"TZA","Selangor",5259,2668,2591,35,-6,3.421418,101.5183
"TZA","W.P. Labuan",1,1,0,35,-6,5.299798,112.414806
"UGA","Johor",805,357,448,32,1,1.922581,103.4114
"UGA","Kedah",32,9,23,32,1,5.954218,100.714327
"UGA","Pahang",2,1,1,32,1,4.076981,102.549911
"UGA","Perak",2,1,1,32,1,4.713235,100.998192
"UGA","Perlis",14,7,7,32,1,6.528438,100.24337
"UGA","Pulau Pinang",39,18,21,32,1,5.419481,100.381885
"UGA","Sabah",11,6,5,32,1,5.321874,115.214806
"UGA","Sarawak",17,11,6,32,1,2.495247,110.536555
"UGA","Selangor",3333,1539,1794,32,1,3.421418,101.5183
"UKR","Johor",3173,1816,1357,32,49,1.922581,103.4114
"UKR","Kedah",1876,845,1031,32,49,5.954218,100.714327
"UKR","Kelantan",183,96,87,32,49,5.060771,102.0594
"UKR","Melaka",40,40,0,32,49,2.306839,102.3566
"UKR","Negeri Sembilan",1,1,0,32,49,2.826793,102.249487
"UKR","Pahang",55,48,7,32,49,4.076981,102.549911
"UKR","Perak",26,15,11,32,49,4.713235,100.998192
"UKR","Perlis",327,159,168,32,49,6.528438,100.24337
"UKR","Pulau Pinang",771,363,408,32,49,5.419481,100.381885
"UKR","Sabah",225,111,114,32,49,5.321874,115.214806
"UKR","Sarawak",143,90,53,32,49,2.495247,110.536555
"UKR","Selangor",29861,14996,14865,32,49,3.421418,101.5183
"UKR","W.P. Labuan",33,15,18,32,49,5.299798,112.414806
"URY","Johor",679,284,395,-56,-33,1.922581,103.4114
"URY","Kedah",50,28,22,-56,-33,5.954218,100.714327
"URY","Kelantan",30,11,19,-56,-33,5.060771,102.0594
"URY","Perak",2,1,1,-56,-33,4.713235,100.998192
"URY","Perlis",6,2,4,-56,-33,6.528438,100.24337
"URY","Pulau Pinang",20,8,12,-56,-33,5.419481,100.381885
"URY","Sabah",11,8,3,-56,-33,5.321874,115.214806
"URY","Sarawak",11,4,7,-56,-33,2.495247,110.536555
"URY","Selangor",1956,936,1020,-56,-33,3.421418,101.5183
"URY","W.P. Labuan",4,2,2,-56,-33,5.299798,112.414806
"USA","Johor",119236,69655,49581,-97,38,1.922581,103.4114
"USA","Kedah",15147,8180,6967,-97,38,5.954218,100.714327
"USA","Kelantan",416,278,138,-97,38,5.060771,102.0594
"USA","Melaka",93,60,33,-97,38,2.306839,102.3566
"USA","Negeri Sembilan",12,10,2,-97,38,2.826793,102.249487
"USA","Pahang",256,169,87,-97,38,4.076981,102.549911
"USA","Perak",3499,1909,1590,-97,38,4.713235,100.998192
"USA","Perlis",2843,1840,1003,-97,38,6.528438,100.24337
"USA","Pulau Pinang",55259,33052,22207,-97,38,5.419481,100.381885
"USA","Sabah",9827,5412,4415,-97,38,5.321874,115.214806
"USA","Sarawak",8010,4548,3462,-97,38,2.495247,110.536555
"USA","Selangor",392835,230278,162557,-97,38,3.421418,101.5183
"USA","Terengganu",11,8,3,-97,38,5.170658,103.049157
"USA","W.P. Labuan",199,140,59,-97,38,5.299798,112.414806
"UZB","Johor",2226,1654,572,64,41,1.922581,103.4114
"UZB","Kedah",631,285,346,64,41,5.954218,100.714327
"UZB","Kelantan",25,18,7,64,41,5.060771,102.0594
"UZB","Perak",6,4,2,64,41,4.713235,100.998192
"UZB","Perlis",51,30,21,64,41,6.528438,100.24337
"UZB","Pulau Pinang",280,117,163,64,41,5.419481,100.381885
"UZB","Sabah",291,256,35,64,41,5.321874,115.214806
"UZB","Sarawak",26,12,14,64,41,2.495247,110.536555
"UZB","Selangor",33317,20037,13280,64,41,3.421418,101.5183
"VAT","Johor",9,8,1,12.45,41.9,1.922581,103.4114
"VAT","Pulau Pinang",2,2,0,12.45,41.9,5.419481,100.381885
"VAT","Sarawak",2,2,0,12.45,41.9,2.495247,110.536555
"VAT","Selangor",21,20,1,12.45,41.9,3.421418,101.5183
"VCT","Johor",9,5,4,-183.6,39.75,1.922581,103.4114
"VCT","Kedah",2,1,1,-183.6,39.75,5.954218,100.714327
"VCT","Pulau Pinang",2,1,1,-183.6,39.75,5.419481,100.381885
"VCT","Sabah",1,1,0,-183.6,39.75,5.321874,115.214806
"VCT","Sarawak",4,4,0,-183.6,39.75,2.495247,110.536555
"VCT","Selangor",57,35,22,-183.6,39.75,3.421418,101.5183
"VEN","Johor",387,213,174,-132,16,1.922581,103.4114
"VEN","Kedah",51,26,25,-132,16,5.954218,100.714327
"VEN","Kelantan",3,2,1,-132,16,5.060771,102.0594
"VEN","Melaka",1,0,1,-132,16,2.306839,102.3566
"VEN","Perak",1,0,1,-132,16,4.713235,100.998192
"VEN","Perlis",3,0,3,-132,16,6.528438,100.24337
"VEN","Pulau Pinang",45,29,16,-132,16,5.419481,100.381885
"VEN","Sabah",38,20,18,-132,16,5.321874,115.214806
"VEN","Sarawak",101,64,37,-132,16,2.495247,110.536555
"VEN","Selangor",2239,1252,987,-132,16,3.421418,101.5183
"VEN","W.P. Labuan",2,2,0,-132,16,5.299798,112.414806
"VNM","Johor",389740,124433,265307,212,32,1.922581,103.4114
"VNM","Kedah",9019,1282,7737,212,32,5.954218,100.714327
"VNM","Kelantan",391,183,208,212,32,5.060771,102.0594
"VNM","Melaka",15,3,12,212,32,2.306839,102.3566
"VNM","Negeri Sembilan",3,2,1,212,32,2.826793,102.249487
"VNM","Pahang",46,31,15,212,32,4.076981,102.549911
"VNM","Perak",3471,296,3175,212,32,4.713235,100.998192
"VNM","Perlis",5380,567,4813,212,32,6.528438,100.24337
"VNM","Pulau Pinang",37539,10890,26649,212,32,5.419481,100.381885
"VNM","Sabah",698,221,477,212,32,5.321874,115.214806
"VNM","Sarawak",6773,1364,5409,212,32,2.495247,110.536555
"VNM","Selangor",425137,148915,276222,212,32,3.421418,101.5183
"VNM","Terengganu",66,66,0,212,32,5.170658,103.049157
"VNM","W.P. Labuan",83,52,31,212,32,5.299798,112.414806
"VUT","Johor",940,689,251,167,-16,1.922581,103.4114
"VUT","Kedah",13,12,1,167,-16,5.954218,100.714327
"VUT","Perlis",2,2,0,167,-16,6.528438,100.24337
"VUT","Pulau Pinang",113,87,26,167,-16,5.419481,100.381885
"VUT","Sabah",30,27,3,167,-16,5.321874,115.214806
"VUT","Sarawak",3,2,1,167,-16,2.495247,110.536555
"VUT","Selangor",1869,1575,294,167,-16,3.421418,101.5183
"WSM","Johor",16,11,5,-172.3333,-13.5833,1.922581,103.4114
"WSM","Pulau Pinang",1,0,1,-172.3333,-13.5833,5.419481,100.381885
"WSM","Sarawak",2,0,2,-172.3333,-13.5833,2.495247,110.536555
"WSM","Selangor",94,41,53,-172.3333,-13.5833,3.421418,101.5183
"XXX","Johor",2677,1572,1105,NA,NA,1.922581,103.4114
"XXX","Kedah",187,91,96,NA,NA,5.954218,100.714327
"XXX","Kelantan",6,1,5,NA,NA,5.060771,102.0594
"XXX","Melaka",1,0,1,NA,NA,2.306839,102.3566
"XXX","Pahang",2,0,2,NA,NA,4.076981,102.549911
"XXX","Perak",62,37,25,NA,NA,4.713235,100.998192
"XXX","Perlis",44,34,10,NA,NA,6.528438,100.24337
"XXX","Pulau Pinang",1042,581,461,NA,NA,5.419481,100.381885
"XXX","Sabah",318,180,138,NA,NA,5.321874,115.214806
"XXX","Sarawak",667,481,186,NA,NA,2.495247,110.536555
"XXX","Selangor",9313,5602,3711,NA,NA,3.421418,101.5183
"XXX","W.P. Labuan",15,12,3,NA,NA,5.299798,112.414806
"YEM","Johor",997,703,294,48,15,1.922581,103.4114
"YEM","Kedah",119,94,25,48,15,5.954218,100.714327
"YEM","Kelantan",24,19,5,48,15,5.060771,102.0594
"YEM","Melaka",58,36,22,48,15,2.306839,102.3566
"YEM","Pahang",3,3,0,48,15,4.076981,102.549911
"YEM","Perak",9,7,2,48,15,4.713235,100.998192
"YEM","Perlis",44,43,1,48,15,6.528438,100.24337
"YEM","Pulau Pinang",125,99,26,48,15,5.419481,100.381885
"YEM","Sabah",18,17,1,48,15,5.321874,115.214806
"YEM","Sarawak",83,55,28,48,15,2.495247,110.536555
"YEM","Selangor",42244,29300,12944,48,15,3.421418,101.5183
"YEM","W.P. Labuan",1,1,0,48,15,5.299798,112.414806
"ZAF","Johor",7819,4723,3096,24,-29,1.922581,103.4114
"ZAF","Kedah",1326,728,598,24,-29,5.954218,100.714327
"ZAF","Kelantan",72,41,31,24,-29,5.060771,102.0594
"ZAF","Melaka",9,5,4,24,-29,2.306839,102.3566
"ZAF","Pahang",29,18,11,24,-29,4.076981,102.549911
"ZAF","Perak",57,40,17,24,-29,4.713235,100.998192
"ZAF","Perlis",338,201,137,24,-29,6.528438,100.24337
"ZAF","Pulau Pinang",1549,839,710,24,-29,5.419481,100.381885
"ZAF","Sabah",524,275,249,24,-29,5.321874,115.214806
"ZAF","Sarawak",2494,1220,1274,24,-29,2.495247,110.536555
"ZAF","Selangor",30867,17424,13443,24,-29,3.421418,101.5183
"ZAF","Terengganu",4,4,0,24,-29,5.170658,103.049157
"ZAF","W.P. Labuan",178,78,100,24,-29,5.299798,112.414806
"ZAR","Pulau Pinang",1,0,1,15.266293,-4.441931,5.419481,100.381885
"ZAR","Selangor",22,11,11,15.266293,-4.441931,3.421418,101.5183
"ZMB","Johor",118,68,50,30,-15,1.922581,103.4114
"ZMB","Kedah",13,7,6,30,-15,5.954218,100.714327
"ZMB","Perak",3,0,3,30,-15,4.713235,100.998192
"ZMB","Perlis",1,1,0,30,-15,6.528438,100.24337
"ZMB","Pulau Pinang",27,10,17,30,-15,5.419481,100.381885
"ZMB","Sabah",3,2,1,30,-15,5.321874,115.214806
"ZMB","Sarawak",16,10,6,30,-15,2.495247,110.536555
"ZMB","Selangor",1988,1054,934,30,-15,3.421418,101.5183
"ZWE","Johor",379,179,200,30,-20,1.922581,103.4114
"ZWE","Kedah",27,11,16,30,-20,5.954218,100.714327
"ZWE","Kelantan",5,3,2,30,-20,5.060771,102.0594
"ZWE","Perak",1,0,1,30,-20,4.713235,100.998192
"ZWE","Perlis",9,5,4,30,-20,6.528438,100.24337
"ZWE","Pulau Pinang",68,30,38,30,-20,5.419481,100.381885
"ZWE","Sabah",15,8,7,30,-20,5.321874,115.214806
"ZWE","Sarawak",16,10,6,30,-20,2.495247,110.536555
"ZWE","Selangor",4167,1987,2180,30,-20,3.421418,101.5183
